search_term,track_name,artist_name,album_name,release_date,genre,track_price,currency,preview_url,itunes_url
AI generated music,AI Generated Music,Chatgpt Vibe,AI Generated Music - Single,2023-02-26T12:00:00Z,Music,1.29,USD,https://audio-ssl.itunes.apple.com/itunes-assets/AudioPreview116/v4/af/e2/4e/afe24eb3-d757-7173-22fe-aa0e6f559a1d/mzaf_6144349583974285040.plus.aac.p.m4a,https://music.apple.com/us/album/ai-generated-music/1674167503?i=1674167505&uo=4
AI generated music,A.I. Generated Music,Art Logins,Jazz Is Improvising - Single,2023-10-12T12:00:00Z,Rock,0.99,USD,https://audio-ssl.itunes.apple.com/itunes-assets/AudioPreview126/v4/e3/8a/cf/e38acf99-5dcc-a0b5-a1f2-d45417c1a2f8/mzaf_9541913498157178804.plus.aac.p.m4a,https://music.apple.com/us/album/a-i-generated-music/1711841871?i=1711841885&uo=4
AI generated music,Broken Neon,Ai-Generated-Music,Broken Neon - Single,2024-10-02T12:00:00Z,House,0.69,USD,https://audio-ssl.itunes.apple.com/itunes-assets/AudioPreview221/v4/5b/dc/a2/5bdca24e-9a05-5f61-4ab9-430287fcdcf2/mzaf_8143003267663433686.plus.aac.p.m4a,https://music.apple.com/us/album/broken-neon/1772058969?i=1772058972&uo=4
AI generated music,Ai Generated,alfonsonic,Ai Generated - Single,2025-06-06T12:00:00Z,Pop,0.99,USD,https://audio-ssl.itunes.apple.com/itunes-assets/AudioPreview221/v4/95/4a/f5/954af531-66ad-afb1-8b65-251693de2659/mzaf_4737989644164236337.plus.aac.p.m4a,https://music.apple.com/us/album/ai-generated/1816175012?i=1816175014&uo=4
AI generated music,Jahaha,Mindest Mindset,AI-Generated Music,2023-04-14T12:00:00Z,Pop,0.99,USD,https://audio-ssl.itunes.apple.com/itunes-assets/AudioPreview126/v4/cf/0e/61/cf0e61de-cb59-3b56-f97c-b59c10fb4a00/mzaf_2522212655881439453.plus.aac.p.m4a,https://music.apple.com/us/album/jahaha/1682570611?i=1682570612&uo=4
AI generated music,Rebellion of the Robots,Ai-Generated-Music,Rebellion of the Robots - Single,2024-10-02T12:00:00Z,Techno,0.69,USD,https://audio-ssl.itunes.apple.com/itunes-assets/AudioPreview211/v4/f9/1a/44/f91a4487-b364-bffe-bc2f-550a12acb789/mzaf_16021372888862616625.plus.aac.p.m4a,https://music.apple.com/us/album/rebellion-of-the-robots/1772046453?i=1772046454&uo=4
AI generated music,AI Generated,Bohemia,Rap Star Reloaded,2024-04-20T12:00:00Z,Punjabi Pop,0.99,USD,https://audio-ssl.itunes.apple.com/itunes-assets/AudioPreview221/v4/95/b9/39/95b9399a-6184-165c-5834-a592bd753706/mzaf_5526255047889411279.plus.aac.p.m4a,https://music.apple.com/us/album/ai-generated/1740491865?i=1740492017&uo=4
AI generated music,Mystisch,Mindest Mindset,AI-Generated Music,2023-04-14T12:00:00Z,Pop,0.99,USD,https://audio-ssl.itunes.apple.com/itunes-assets/AudioPreview116/v4/65/c9/fa/65c9fa3a-6532-a1bd-1c06-3f89d4e04b4d/mzaf_9748209682969175519.plus.aac.p.m4a,https://music.apple.com/us/album/mystisch/1682570611?i=1682570618&uo=4
AI generated music,AI GENERATED,ChxmicaL,AI GENERATED - Single,2024-04-19T12:00:00Z,Hip-Hop/Rap,0.99,USD,https://audio-ssl.itunes.apple.com/itunes-assets/AudioPreview211/v4/00/8d/08/008d08f8-4eb2-1086-54d0-1201d60dfd96/mzaf_7081140459929372488.plus.aac.p.m4a,https://music.apple.com/us/album/ai-generated/1739863310?i=1739863316&uo=4
AI generated music,Itchy,Mindest Mindset,AI-Generated Music,2023-04-14T12:00:00Z,Pop,0.99,USD,https://audio-ssl.itunes.apple.com/itunes-assets/AudioPreview116/v4/a3/c1/4e/a3c14e71-b036-6235-ae7b-38360fae65ad/mzaf_12272427043589765971.plus.aac.p.m4a,https://music.apple.com/us/album/itchy/1682570611?i=1682570613&uo=4
AI generated music,Ai Generated Music,Benny Chan,Ai Generated Music - Single,2023-10-25T12:00:00Z,Trance,0.99,USD,https://audio-ssl.itunes.apple.com/itunes-assets/AudioPreview116/v4/b8/ea/52/b8ea5240-1eb3-5de4-1dea-66cc2e368a38/mzaf_10900182477188428418.plus.aac.p.m4a,https://music.apple.com/us/album/ai-generated-music/1713598461?i=1713598462&uo=4
AI generated music,I Might Go,Mindest Mindset,AI-Generated Music,2023-04-14T12:00:00Z,Pop,0.99,USD,https://audio-ssl.itunes.apple.com/itunes-assets/AudioPreview116/v4/37/9e/44/379e4466-a5b2-decb-b723-dfbf1e962fda/mzaf_5009573625669418718.plus.aac.p.m4a,https://music.apple.com/us/album/i-might-go/1682570611?i=1682570614&uo=4
AI generated music,AI Generated,LAUZIA,AI Generated - Single,2024-03-12T12:00:00Z,Dance,0.99,USD,https://audio-ssl.itunes.apple.com/itunes-assets/AudioPreview112/v4/a5/0f/5e/a50f5efa-03d4-3ddf-1ea4-bc266710e23c/mzaf_10227655897258873784.plus.aac.p.m4a,https://music.apple.com/us/album/ai-generated/1735636671?i=1735636673&uo=4
AI generated music,Magma,Mindest Mindset,AI-Generated Music,2023-04-14T12:00:00Z,Pop,0.99,USD,https://audio-ssl.itunes.apple.com/itunes-assets/AudioPreview116/v4/41/49/82/4149822b-cac9-b470-8035-88825b720f4d/mzaf_7433180792072942751.plus.aac.p.m4a,https://music.apple.com/us/album/magma/1682570611?i=1682570617&uo=4
AI generated music,Living Laptop,Mindest Mindset,AI-Generated Music,2023-04-14T12:00:00Z,Pop,0.99,USD,https://audio-ssl.itunes.apple.com/itunes-assets/AudioPreview126/v4/b4/4d/3f/b44d3f10-5e2b-8663-bf90-f4d22d03d30b/mzaf_4228034715807192909.plus.aac.p.m4a,https://music.apple.com/us/album/living-laptop/1682570611?i=1682570616&uo=4
AI generated music,Epic Voyage,M.Ahai,Echoes of Valor ic music,2025-03-09T12:00:00Z,Orchestral,0.99,USD,https://audio-ssl.itunes.apple.com/itunes-assets/AudioPreview211/v4/62/a5/1b/62a51bb4-67a9-8188-9ee8-0ec3f5801d16/mzaf_11130392234279550392.plus.aac.p.m4a,https://music.apple.com/us/album/epic-voyage/1802007665?i=1802008027&uo=4
AI generated music,A.I. Generated Music,Art Logins,Guitar Plus Synth,2023-10-12T12:00:00Z,Rock,0.99,USD,https://audio-ssl.itunes.apple.com/itunes-assets/AudioPreview116/v4/86/78/56/867856cb-5965-d17f-b9ba-07fd3ff4221c/mzaf_16226099494935307310.plus.aac.p.m4a,https://music.apple.com/us/album/a-i-generated-music/1713828196?i=1713828711&uo=4
AI generated music,AI Generated Lofi Song,AI Generated Music for you to enjoy,AI Generated Lofi Song - Single,2024-08-08T12:00:00Z,Hip-Hop/Rap,0.99,USD,https://audio-ssl.itunes.apple.com/itunes-assets/AudioPreview211/v4/fc/b0/41/fcb04121-b204-8b2e-81d9-5852272aac16/mzaf_4322647760272167795.plus.aac.p.m4a,https://music.apple.com/us/album/ai-generated-lofi-song/1761978765?i=1761978766&uo=4
AI generated music,LIPSTICK  Melodic Techno Track • Hypnotic Beat • AI-Generated Music & Visuals,Neon Ai Beats,LIPSTICK  Melodic Techno Track • Hypnotic Beat • AI-Generated Music & Visuals - Single,2025-06-05T12:00:00Z,Techno,0.99,USD,https://audio-ssl.itunes.apple.com/itunes-assets/AudioPreview211/v4/f1/0d/37/f10d3764-d09e-f0e1-910d-9d0ea9703247/mzaf_6169322990210439934.plus.aac.p.m4a,https://music.apple.com/us/album/lipstick-melodic-techno-track-hypnotic-beat-ai-generated/1819044810?i=1819044811&uo=4
AI generated music,Generated,AI MUSIC MATRIX,Relax R&B 69,2025-05-29T12:00:00Z,R&B/Soul,0.99,USD,https://audio-ssl.itunes.apple.com/itunes-assets/AudioPreview211/v4/09/0e/64/090e64c2-cb86-3292-f93b-028237d9670d/mzaf_17456101803480293157.plus.aac.p.m4a,https://music.apple.com/us/album/generated/1817585856?i=1817585873&uo=4
AI generated music,Ai Generated (Songwriting-Camp Version),LAUZIA,Dein Song 2024 (Songwriting-Camp Versionen),2024-03-01T12:00:00Z,Children's Music,0.99,USD,https://audio-ssl.itunes.apple.com/itunes-assets/AudioPreview122/v4/8c/b7/e9/8cb7e939-30ac-a455-d9ea-e08999190214/mzaf_9087018059706836010.plus.aac.p.m4a,https://music.apple.com/us/album/ai-generated-songwriting-camp-version/1733247921?i=1733248151&uo=4
AI generated music,Ai Generated,dangling keys,Ai Generated - Single,2024-04-29T12:00:00Z,Dance,0.99,USD,https://audio-ssl.itunes.apple.com/itunes-assets/AudioPreview211/v4/6a/25/8a/6a258a19-e325-ab7e-597c-ec95470771b8/mzaf_340226238734106624.plus.aac.p.m4a,https://music.apple.com/us/album/ai-generated/1743816170?i=1743816174&uo=4
AI generated music,AI-generated,J.J. Genius,AI-generated - Single,2025-05-25T12:00:00Z,Hip-Hop/Rap,0.99,USD,https://audio-ssl.itunes.apple.com/itunes-assets/AudioPreview221/v4/5f/ea/2a/5fea2a4c-fff8-5b26-3935-dfa5e96983f9/mzaf_16253616602220640267.plus.aac.p.m4a,https://music.apple.com/us/album/ai-generated/1816465809?i=1816465810&uo=4
AI generated music,AI Generated (CLUB REMIX),LAUZIA,AI Generated (CLUB REMIX) - Single,2024-03-14T12:00:00Z,Dance,0.99,USD,https://audio-ssl.itunes.apple.com/itunes-assets/AudioPreview122/v4/af/df/8f/afdf8fee-27c6-cc9c-6956-e934006520db/mzaf_14571612766262163312.plus.aac.p.m4a,https://music.apple.com/us/album/ai-generated-club-remix/1736003656?i=1736003927&uo=4
AI generated music,AI Generated,CallMeBeanie,Nonsense,2023-08-14T12:00:00Z,Hip-Hop/Rap,0.99,USD,https://audio-ssl.itunes.apple.com/itunes-assets/AudioPreview116/v4/0a/4d/e4/0a4de4d1-8275-a915-c52d-abc8d3be4981/mzaf_16307482632400925810.plus.aac.p.m4a,https://music.apple.com/us/album/ai-generated/1702737020?i=1702737028&uo=4
AI generated music,Ai,Berry Juice,Generated - EP,2022-01-22T12:00:00Z,Downtempo,0.99,USD,https://audio-ssl.itunes.apple.com/itunes-assets/AudioPreview116/v4/58/40/da/5840da79-5146-2f7d-02e8-79270298ba45/mzaf_5948232217458331392.plus.aac.p.m4a,https://music.apple.com/us/album/ai/1606774577?i=1606774578&uo=4
AI generated music,Ai Generated (Casting Version),LAUZIA,Dein Song 2024 (Die Casting-Versionen zum Songcontest),2024-02-23T12:00:00Z,Children's Music,0.99,USD,https://audio-ssl.itunes.apple.com/itunes-assets/AudioPreview221/v4/8d/6a/d4/8d6ad4c6-7bee-c555-0f0b-f2c83fc4b6cc/mzaf_9970988685283890018.plus.aac.p.m4a,https://music.apple.com/us/album/ai-generated-casting-version/1731870031?i=1731870734&uo=4
AI generated music,Epic Ascent,M.Ahai,Echoes of Valor ic music,2025-03-09T12:00:00Z,Orchestral,0.99,USD,https://audio-ssl.itunes.apple.com/itunes-assets/AudioPreview221/v4/7f/85/1a/7f851a51-882a-4bfd-9882-224b982d1a90/mzaf_12899353365225717646.plus.aac.p.m4a,https://music.apple.com/us/album/epic-ascent/1802007665?i=1802007674&uo=4
AI generated music,Epic Odyssey,M.Ahai,Echoes of Valor ic music,2025-03-09T12:00:00Z,Orchestral,0.99,USD,https://audio-ssl.itunes.apple.com/itunes-assets/AudioPreview221/v4/9a/16/df/9a16df4f-1c94-7991-d7c7-670caec37dd3/mzaf_13916551604151101662.plus.aac.p.m4a,https://music.apple.com/us/album/epic-odyssey/1802007665?i=1802007679&uo=4
AI generated music,Crescendo,M.Ahai,Echoes of Valor ic music,2025-03-09T12:00:00Z,Orchestral,0.99,USD,https://audio-ssl.itunes.apple.com/itunes-assets/AudioPreview221/v4/9d/cd/1e/9dcd1e90-9895-ac9b-b3ad-10d779c58a7e/mzaf_105578824580723275.plus.aac.p.m4a,https://music.apple.com/us/album/crescendo/1802007665?i=1802008016&uo=4
AI generated music,Epic Rise (2),M.Ahai,Echoes of Valor ic music,2025-03-09T12:00:00Z,Orchestral,0.99,USD,https://audio-ssl.itunes.apple.com/itunes-assets/AudioPreview211/v4/f2/bc/76/f2bc76cd-f6a8-a375-3aeb-bd2cb0cd3884/mzaf_16709299877062297212.plus.aac.p.m4a,https://music.apple.com/us/album/epic-rise-2/1802007665?i=1802008022&uo=4
AI generated music,Epic Rise (3),M.Ahai,Echoes of Valor ic music,2025-03-09T12:00:00Z,Orchestral,0.99,USD,https://audio-ssl.itunes.apple.com/itunes-assets/AudioPreview211/v4/c3/ad/53/c3ad53ba-85f4-de43-c640-0d1217697737/mzaf_9872355000744005893.plus.aac.p.m4a,https://music.apple.com/us/album/epic-rise-3/1802007665?i=1802008031&uo=4
AI generated music,Epic Rise (4),M.Ahai,Echoes of Valor ic music,2025-03-09T12:00:00Z,Orchestral,0.99,USD,https://audio-ssl.itunes.apple.com/itunes-assets/AudioPreview221/v4/53/bd/b1/53bdb119-68a7-7fcd-6ff2-9843696d5863/mzaf_2619975514119420866.plus.aac.p.m4a,https://music.apple.com/us/album/epic-rise-4/1802007665?i=1802008033&uo=4
AI generated music,Epic Rise (5),M.Ahai,Echoes of Valor ic music,2025-03-09T12:00:00Z,Orchestral,0.99,USD,https://audio-ssl.itunes.apple.com/itunes-assets/AudioPreview221/v4/03/4e/30/034e3052-6962-3c75-e9cf-5b72ca5e6003/mzaf_3584501890213333287.plus.aac.p.m4a,https://music.apple.com/us/album/epic-rise-5/1802007665?i=1802008034&uo=4
AI generated music,Epic Rise (6),M.Ahai,Echoes of Valor ic music,2025-03-09T12:00:00Z,Orchestral,0.99,USD,https://audio-ssl.itunes.apple.com/itunes-assets/AudioPreview211/v4/88/4b/17/884b17fc-8935-51ef-f057-b59b9d71a231/mzaf_12944297235604312345.plus.aac.p.m4a,https://music.apple.com/us/album/epic-rise-6/1802007665?i=1802008038&uo=4
AI generated music,Epic Rise (7),M.Ahai,Echoes of Valor ic music,2025-03-09T12:00:00Z,Orchestral,0.99,USD,https://audio-ssl.itunes.apple.com/itunes-assets/AudioPreview211/v4/7f/41/86/7f418665-c026-ef0d-46a2-a6b71cb2161f/mzaf_11756897783827426227.plus.aac.p.m4a,https://music.apple.com/us/album/epic-rise-7/1802007665?i=1802008222&uo=4
AI generated music,Resonance,M.Ahai,Echoes of Valor ic music,2025-03-09T12:00:00Z,Orchestral,0.99,USD,https://audio-ssl.itunes.apple.com/itunes-assets/AudioPreview211/v4/3f/74/3b/3f743b71-ee48-4aa4-a58f-ddc3ddb19c20/mzaf_7161300850502185468.plus.aac.p.m4a,https://music.apple.com/us/album/resonance/1802007665?i=1802008224&uo=4
AI generated music,Epic Rise (8),M.Ahai,Echoes of Valor ic music,2025-03-09T12:00:00Z,Orchestral,0.99,USD,https://audio-ssl.itunes.apple.com/itunes-assets/AudioPreview211/v4/eb/49/b9/eb49b950-0a5d-dd0f-cef7-f2411e0ad755/mzaf_9822470639472223541.plus.aac.p.m4a,https://music.apple.com/us/album/epic-rise-8/1802007665?i=1802008238&uo=4
AI generated music,Epic Resonance,M.Ahai,Echoes of Valor ic music,2025-03-09T12:00:00Z,Orchestral,0.99,USD,https://audio-ssl.itunes.apple.com/itunes-assets/AudioPreview211/v4/11/e1/31/11e131f7-03fc-fce3-dd5d-71115fc3029d/mzaf_15619365805813621375.plus.aac.p.m4a,https://music.apple.com/us/album/epic-resonance/1802007665?i=1802008246&uo=4
AI generated music,Elysium (2),M.Ahai,Echoes of Valor ic music,2025-03-09T12:00:00Z,Orchestral,0.99,USD,https://audio-ssl.itunes.apple.com/itunes-assets/AudioPreview221/v4/f7/ca/44/f7ca4448-439d-f7e4-f0e9-4ea74a9fec4b/mzaf_822609743596736889.plus.aac.p.m4a,https://music.apple.com/us/album/elysium-2/1802007665?i=1802008249&uo=4
AI generated music,Epic Rise (9),M.Ahai,Echoes of Valor ic music,2025-03-09T12:00:00Z,Orchestral,0.99,USD,https://audio-ssl.itunes.apple.com/itunes-assets/AudioPreview221/v4/a8/1a/f5/a81af55d-dacc-6b92-32b9-13d8df581f71/mzaf_4445267259795127431.plus.aac.p.m4a,https://music.apple.com/us/album/epic-rise-9/1802007665?i=1802008431&uo=4
AI generated music,Epic Rise (10),M.Ahai,Echoes of Valor ic music,2025-03-09T12:00:00Z,Orchestral,0.99,USD,https://audio-ssl.itunes.apple.com/itunes-assets/AudioPreview211/v4/02/78/e6/0278e6db-3837-d0fa-ba6e-feda67d9d187/mzaf_6793659389998724171.plus.aac.p.m4a,https://music.apple.com/us/album/epic-rise-10/1802007665?i=1802008436&uo=4
AI generated music,Eclipse,M.Ahai,Echoes of Valor ic music,2025-03-09T12:00:00Z,Orchestral,0.99,USD,https://audio-ssl.itunes.apple.com/itunes-assets/AudioPreview211/v4/db/52/99/db529973-3e8c-cc5c-4548-e7a0bd2ae728/mzaf_12063560648937607441.plus.aac.p.m4a,https://music.apple.com/us/album/eclipse/1802007665?i=1802008437&uo=4
AI generated music,Epic Dawn (3),M.Ahai,Echoes of Valor ic music,2025-03-09T12:00:00Z,Orchestral,0.99,USD,https://audio-ssl.itunes.apple.com/itunes-assets/AudioPreview221/v4/62/45/08/624508f6-4bfc-57af-a293-9ad5a28a721d/mzaf_3104941265533091797.plus.aac.p.m4a,https://music.apple.com/us/album/epic-dawn-3/1802007665?i=1802008443&uo=4
AI generated music,Epicrise,M.Ahai,Echoes of Valor ic music,2025-03-09T12:00:00Z,Orchestral,0.99,USD,https://audio-ssl.itunes.apple.com/itunes-assets/AudioPreview221/v4/5e/04/43/5e0443ec-894d-633a-2e5c-df6fdd08344b/mzaf_2043758480388955846.plus.aac.p.m4a,https://music.apple.com/us/album/epicrise/1802007665?i=1802008445&uo=4
AI generated music,Resonance (2),M.Ahai,Echoes of Valor ic music,2025-03-09T12:00:00Z,Orchestral,0.99,USD,https://audio-ssl.itunes.apple.com/itunes-assets/AudioPreview211/v4/5e/25/36/5e253698-b1d6-1a39-753b-2c71edc2a155/mzaf_5450543393407413705.plus.aac.p.m4a,https://music.apple.com/us/album/resonance-2/1802007665?i=1802008449&uo=4
AI generated music,Epic Rise (12),M.Ahai,Echoes of Valor ic music,2025-03-09T12:00:00Z,Orchestral,0.99,USD,https://audio-ssl.itunes.apple.com/itunes-assets/AudioPreview211/v4/f7/cf/0f/f7cf0f57-533b-e65f-0f84-e6b3572c2a93/mzaf_7356871754106467218.plus.aac.p.m4a,https://music.apple.com/us/album/epic-rise-12/1802007665?i=1802008456&uo=4
AI generated music,Hero's Anthem,M.Ahai,Echoes of Valor ic music,2025-03-09T12:00:00Z,Orchestral,0.99,USD,https://audio-ssl.itunes.apple.com/itunes-assets/AudioPreview221/v4/be/3e/06/be3e0612-7e32-cf5f-b81e-da42c8e9bc40/mzaf_1907287645938804618.plus.aac.p.m4a,https://music.apple.com/us/album/heros-anthem/1802007665?i=1802008457&uo=4
AI generated music,Ascendancy,M.Ahai,Echoes of Valor ic music,2025-03-09T12:00:00Z,Orchestral,0.99,USD,https://audio-ssl.itunes.apple.com/itunes-assets/AudioPreview221/v4/52/93/1a/52931add-182c-bdf8-deaf-77be58bcdea6/mzaf_13666334859282242760.plus.aac.p.m4a,https://music.apple.com/us/album/ascendancy/1802007665?i=1802008459&uo=4
AI generated music,Awakening,M.Ahai,Echoes of Valor ic music,2025-03-09T12:00:00Z,Orchestral,0.99,USD,https://audio-ssl.itunes.apple.com/itunes-assets/AudioPreview211/v4/02/5f/c2/025fc255-aad5-f0b3-106b-e1c90fedab76/mzaf_4558903963842881888.plus.aac.p.m4a,https://music.apple.com/us/album/awakening/1802007665?i=1802008718&uo=4
Taylor Swift,The Fate of Ophelia,Taylor Swift,The Life of a Showgirl,2025-10-03T12:00:00Z,Pop,,USD,https://audio-ssl.itunes.apple.com/itunes-assets/AudioPreview221/v4/4b/07/28/4b07285f-b50c-7aff-cb40-2d732256b703/mzaf_16739866530441939982.plus.aac.p.m4a,https://music.apple.com/us/album/the-fate-of-ophelia/1833328839?i=1833328840&uo=4
Taylor Swift,Shake It Off,Taylor Swift,1989,2014-08-19T07:00:00Z,Pop,1.29,USD,https://audio-ssl.itunes.apple.com/itunes-assets/AudioPreview211/v4/04/86/32/048632f7-a5c5-0f5d-6213-a9e89c3a99b3/mzaf_8458239339293825693.plus.aac.p.m4a,https://music.apple.com/us/album/shake-it-off/1440935467?i=1440936016&uo=4
Taylor Swift,Cruel Summer,Taylor Swift,Lover,2019-08-23T07:00:00Z,Pop,1.29,USD,https://audio-ssl.itunes.apple.com/itunes-assets/AudioPreview221/v4/44/af/81/44af8168-9609-1b85-5048-ada08dceacf3/mzaf_1341699644335558812.plus.aac.p.m4a,https://music.apple.com/us/album/cruel-summer/1468058165?i=1468058171&uo=4
Taylor Swift,You Belong With Me,Taylor Swift,Fearless (Platinum Edition),2008-11-11T12:00:00Z,Country,1.29,USD,https://audio-ssl.itunes.apple.com/itunes-assets/AudioPreview211/v4/15/6a/e0/156ae0e7-2a35-e1c1-3ebc-c1c837651a50/mzaf_18380354397720038617.plus.aac.p.m4a,https://music.apple.com/us/album/you-belong-with-me/1452859090?i=1452859427&uo=4
Taylor Swift,Love Story,Taylor Swift,Fearless (Platinum Edition),2008-09-12T12:00:00Z,Country,1.29,USD,https://audio-ssl.itunes.apple.com/itunes-assets/AudioPreview221/v4/c0/97/7c/c0977c44-63ae-ed3e-59fb-1c247a7fa4b0/mzaf_5342803791766217012.plus.aac.p.m4a,https://music.apple.com/us/album/love-story/1452859090?i=1452859410&uo=4
Taylor Swift,Blank Space,Taylor Swift,1989,2014-10-27T07:00:00Z,Pop,1.29,USD,https://audio-ssl.itunes.apple.com/itunes-assets/AudioPreview221/v4/97/b4/f6/97b4f65f-f334-771c-a4f5-5e7b9b42634f/mzaf_17056874752218225925.plus.aac.p.m4a,https://music.apple.com/us/album/blank-space/1440935467?i=1440935808&uo=4
Taylor Swift,Opalite,Taylor Swift,The Life of a Showgirl,2025-10-03T12:00:00Z,Pop,,USD,https://audio-ssl.itunes.apple.com/itunes-assets/AudioPreview221/v4/69/ea/d8/69ead898-7583-9bca-8be9-5f4e2140783f/mzaf_6210909912602321477.plus.aac.p.m4a,https://music.apple.com/us/album/opalite/1833328839?i=1833328845&uo=4
Taylor Swift,Bad Blood,Taylor Swift,1989,2014-10-27T07:00:00Z,Pop,1.29,USD,https://audio-ssl.itunes.apple.com/itunes-assets/AudioPreview211/v4/29/0c/b6/290cb6f1-ddc6-a36c-e120-753c175152d8/mzaf_9436312145049158466.plus.aac.p.m4a,https://music.apple.com/us/album/bad-blood/1440935467?i=1440936028&uo=4
Taylor Swift,Style,Taylor Swift,1989,2014-10-27T07:00:00Z,Pop,1.29,USD,https://audio-ssl.itunes.apple.com/itunes-assets/AudioPreview221/v4/e7/97/e5/e797e534-4b92-1ede-116f-78565732fb8b/mzaf_6239584281452429330.plus.aac.p.m4a,https://music.apple.com/us/album/style/1440935467?i=1440935812&uo=4
Taylor Swift,Our Song,Taylor Swift,Taylor Swift (Bonus Track Version),2006-10-24T12:00:00Z,Country,1.29,USD,https://audio-ssl.itunes.apple.com/itunes-assets/AudioPreview221/v4/52/6f/92/526f92ff-b403-cc3c-1e3b-830e5a8ea1f8/mzaf_3433979667144873031.plus.aac.p.m4a,https://music.apple.com/us/album/our-song/1440913923?i=1440914010&uo=4
Taylor Swift,Wildest Dreams,Taylor Swift,1989,2014-10-27T07:00:00Z,Pop,1.29,USD,https://audio-ssl.itunes.apple.com/itunes-assets/AudioPreview211/v4/d0/91/84/d0918464-ed0d-eed2-89bd-1d3b2ebe85c5/mzaf_5128468383438758741.plus.aac.p.m4a,https://music.apple.com/us/album/wildest-dreams/1440935467?i=1440936036&uo=4
Taylor Swift,We Are Never Ever Getting Back Together,Taylor Swift,Red,2012-08-13T12:00:00Z,Country,1.29,USD,https://audio-ssl.itunes.apple.com/itunes-assets/AudioPreview211/v4/d6/c8/64/d6c864a4-4bae-ee81-be9e-ef0beb97ccb1/mzaf_8891089632729595012.plus.aac.p.m4a,https://music.apple.com/us/album/we-are-never-ever-getting-back-together/1440935340?i=1440935564&uo=4
Taylor Swift,I Knew You Were Trouble,Taylor Swift,Red,2012-10-09T12:00:00Z,Country,1.29,USD,https://audio-ssl.itunes.apple.com/itunes-assets/AudioPreview211/v4/c4/bf/06/c4bf0627-2238-8705-f712-167e1cc95a7d/mzaf_2642564076851602245.plus.aac.p.m4a,https://music.apple.com/us/album/i-knew-you-were-trouble/1440935340?i=1440935349&uo=4
Taylor Swift,You Need To Calm Down,Taylor Swift,Lover,2019-06-14T07:00:00Z,Pop,1.29,USD,https://audio-ssl.itunes.apple.com/itunes-assets/AudioPreview211/v4/e8/80/4f/e8804fa1-6118-74fd-4602-b96969ebef41/mzaf_5457103975229379192.plus.aac.p.m4a,https://music.apple.com/us/album/you-need-to-calm-down/1468058165?i=1468058704&uo=4
Taylor Swift,Lover,Taylor Swift,Lover,2019-08-16T07:00:00Z,Pop,1.29,USD,https://audio-ssl.itunes.apple.com/itunes-assets/AudioPreview211/v4/e0/db/47/e0db47b0-7f70-0631-0414-cd4777d2fb3e/mzaf_6362891154838442638.plus.aac.p.m4a,https://music.apple.com/us/album/lover/1468058165?i=1468058173&uo=4
Taylor Swift,22,Taylor Swift,Red,2012-10-22T12:00:00Z,Country,1.29,USD,https://audio-ssl.itunes.apple.com/itunes-assets/AudioPreview221/v4/95/e7/bb/95e7bb40-f0e3-11c1-08d4-73626d8d8e94/mzaf_6190233390504127357.plus.aac.p.m4a,https://music.apple.com/us/album/22/1440935340?i=1440935562&uo=4
Taylor Swift,You Belong With Me,Taylor Swift,Fearless,2008-11-11T08:00:00Z,Country,1.29,USD,https://audio-ssl.itunes.apple.com/itunes-assets/AudioPreview211/v4/2c/6e/b8/2c6eb87b-a89c-98b0-f4c3-94846613b36b/mzaf_10934143866669182930.plus.aac.p.m4a,https://music.apple.com/us/album/you-belong-with-me/1440924803?i=1440925035&uo=4
Taylor Swift,...Ready For It?,Taylor Swift,reputation,2017-09-03T07:00:00Z,Pop,1.29,USD,https://audio-ssl.itunes.apple.com/itunes-assets/AudioPreview211/v4/ec/4c/66/ec4c6665-6fdd-e31f-984d-60ab919e865b/mzaf_11118961438428757175.plus.aac.p.m4a,https://music.apple.com/us/album/ready-for-it/1440933849?i=1440934248&uo=4
Taylor Swift,Enchanted,Taylor Swift,Speak Now,2010-10-25T07:00:00Z,Country,1.29,USD,https://audio-ssl.itunes.apple.com/itunes-assets/AudioPreview211/v4/74/3c/e9/743ce91a-fa0d-1b7a-8558-85c4004022d2/mzaf_16021923754792372642.plus.aac.p.m4a,https://music.apple.com/us/album/enchanted/1440920310?i=1440920614&uo=4
Taylor Swift,Look What You Made Me Do,Taylor Swift,reputation,2017-08-24T12:00:00Z,Pop,1.29,USD,https://audio-ssl.itunes.apple.com/itunes-assets/AudioPreview211/v4/3b/26/64/3b26645a-2c49-f0c7-fa6d-be6ad83b0ae9/mzaf_4194244291813253017.plus.aac.p.m4a,https://music.apple.com/us/album/look-what-you-made-me-do/1440933849?i=1440934255&uo=4
Taylor Swift,Anti-Hero,Taylor Swift,Midnights (3am Edition),2022-10-21T12:00:00Z,Pop,1.29,USD,https://audio-ssl.itunes.apple.com/itunes-assets/AudioPreview221/v4/e4/fb/8d/e4fb8d01-6ae3-c2af-4d1a-73ec21533336/mzaf_13870831216693120811.plus.aac.p.m4a,https://music.apple.com/us/album/anti-hero/1650841512?i=1650841515&uo=4
Taylor Swift,Delicate,Taylor Swift,reputation,2017-11-10T12:00:00Z,Pop,1.29,USD,https://audio-ssl.itunes.apple.com/itunes-assets/AudioPreview221/v4/a7/24/e8/a724e804-d5df-f7a7-24cc-09df9df57a79/mzaf_4087189896444308455.plus.aac.p.m4a,https://music.apple.com/us/album/delicate/1440933849?i=1440934254&uo=4
Taylor Swift,I Don’t Wanna Live Forever (Fifty Shades Darker),ZAYN & Taylor Swift,Fifty Shades Darker (Original Motion Picture Soundtrack),2016-12-09T12:00:00Z,Soundtrack,1.29,USD,https://audio-ssl.itunes.apple.com/itunes-assets/AudioPreview211/v4/94/14/20/94142074-e264-15cb-77ea-a0821d86c5ca/mzaf_5791146158719480684.plus.aac.p.m4a,https://music.apple.com/us/album/i-dont-wanna-live-forever-fifty-shades-darker/1440880777?i=1440880860&uo=4
Taylor Swift,Love Story (Taylor’s Version),Taylor Swift,Fearless (Taylor's Version),2021-02-11T08:00:00Z,Country,1.29,USD,https://audio-ssl.itunes.apple.com/itunes-assets/AudioPreview221/v4/8b/4c/b3/8b4cb3a5-b1d1-c82c-e6ab-48cc3969d4ff/mzaf_858711921713575608.plus.aac.p.m4a,https://music.apple.com/us/album/love-story-taylors-version/1552791073?i=1552791427&uo=4
Taylor Swift,The Man,Taylor Swift,Lover,2019-08-23T07:00:00Z,Pop,1.29,USD,https://audio-ssl.itunes.apple.com/itunes-assets/AudioPreview211/v4/3b/b7/c6/3bb7c6f7-d06f-f91c-7801-0ed0a6257e1c/mzaf_12747815097409700369.plus.aac.p.m4a,https://music.apple.com/us/album/the-man/1468058165?i=1468058176&uo=4
Taylor Swift,Taylor Swift,Walker Hayes,New Money,2023-09-29T12:00:00Z,Country,1.29,USD,https://audio-ssl.itunes.apple.com/itunes-assets/AudioPreview221/v4/34/62/cc/3462cc02-d557-6a55-2b59-5a24a99711d0/mzaf_977374808595907014.plus.aac.p.m4a,https://music.apple.com/us/album/taylor-swift/1703843214?i=1703843626&uo=4
Taylor Swift,Style,Taylor Swift,1989 (Deluxe Edition),2014-10-27T07:00:00Z,Pop,1.29,USD,https://audio-ssl.itunes.apple.com/itunes-assets/AudioPreview211/v4/c7/79/81/c7798117-a0f6-0695-275f-95fd3ef4fdf4/mzaf_9965434137419857797.plus.aac.p.m4a,https://music.apple.com/us/album/style/1440933512?i=1440933520&uo=4
Taylor Swift,ME! (feat. Brendon Urie of Panic! At The Disco),Taylor Swift,Lover,2019-04-26T07:00:00Z,Pop,1.29,USD,https://audio-ssl.itunes.apple.com/itunes-assets/AudioPreview211/v4/c5/6f/e3/c56fe3a6-2f25-b545-6135-aaba0a838569/mzaf_1819099962104489735.plus.aac.p.m4a,https://music.apple.com/us/album/me-feat-brendon-urie-of-panic-at-the-disco/1468058165?i=1468058706&uo=4
Taylor Swift,Paper Rings,Taylor Swift,Lover,2019-08-23T07:00:00Z,Pop,1.29,USD,https://audio-ssl.itunes.apple.com/itunes-assets/AudioPreview221/v4/05/2d/b7/052db7e1-e5cf-bfba-c309-9b3e31edeb37/mzaf_11390896675529863162.plus.aac.p.m4a,https://music.apple.com/us/album/paper-rings/1468058165?i=1468058181&uo=4
Taylor Swift,Picture to Burn,Taylor Swift,Taylor Swift (Bonus Track Version),2006-10-24T12:00:00Z,Country,1.29,USD,https://audio-ssl.itunes.apple.com/itunes-assets/AudioPreview221/v4/1f/b1/6e/1fb16e2a-7f01-807d-8fa5-1d276fb4e59f/mzaf_9999112437779981027.plus.aac.p.m4a,https://music.apple.com/us/album/picture-to-burn/1440913923?i=1440913991&uo=4
Taylor Swift,Anti-Hero,Taylor Swift,Midnights,2022-10-21T12:00:00Z,Pop,1.29,USD,https://audio-ssl.itunes.apple.com/itunes-assets/AudioPreview211/v4/1d/56/2a/1d562a07-dc5f-a9c0-1f36-2051a8c14eb7/mzaf_7214829135431340590.plus.aac.p.m4a,https://music.apple.com/us/album/anti-hero/1649434004?i=1649434293&uo=4
Taylor Swift,Back to December,Taylor Swift,Speak Now,2010-10-25T07:00:00Z,Country,1.29,USD,https://audio-ssl.itunes.apple.com/itunes-assets/AudioPreview211/v4/3c/23/f8/3c23f8f0-f470-7297-face-dd95e6092aff/mzaf_3771431232214548520.plus.aac.p.m4a,https://music.apple.com/us/album/back-to-december/1440920310?i=1440920489&uo=4
Taylor Swift,Don’t Blame Me,Taylor Swift,reputation,2017-11-10T12:00:00Z,Pop,1.29,USD,https://audio-ssl.itunes.apple.com/itunes-assets/AudioPreview221/v4/89/7f/e3/897fe3af-e50c-5056-76c8-94d944406980/mzaf_5316514300927719419.plus.aac.p.m4a,https://music.apple.com/us/album/dont-blame-me/1440933849?i=1440934252&uo=4
Taylor Swift,End Game (feat. Ed Sheeran & Future),Taylor Swift,reputation,2017-11-10T12:00:00Z,Pop,1.29,USD,https://audio-ssl.itunes.apple.com/itunes-assets/AudioPreview221/v4/0a/e5/28/0ae52806-8f53-89af-17a7-870ec7afbafa/mzaf_8134453282110182509.plus.aac.p.m4a,https://music.apple.com/us/album/end-game-feat-ed-sheeran-future/1440933849?i=1440934249&uo=4
Taylor Swift,Wildest Dreams,Taylor Swift,1989 (Deluxe Edition),2014-10-27T07:00:00Z,Pop,1.29,USD,https://audio-ssl.itunes.apple.com/itunes-assets/AudioPreview211/v4/2a/64/f5/2a64f557-cc26-b6e4-e0b0-1ddff1fe097c/mzaf_7436333370044714227.plus.aac.p.m4a,https://music.apple.com/us/album/wildest-dreams/1440933512?i=1440933656&uo=4
Taylor Swift,You Belong With Me (Taylor’s Version),Taylor Swift,Fearless (Taylor's Version),2021-04-09T12:00:00Z,Country,1.29,USD,https://audio-ssl.itunes.apple.com/itunes-assets/AudioPreview211/v4/ec/84/f2/ec84f262-1498-583f-dd5b-cd1a78587bce/mzaf_8651470950553551918.plus.aac.p.m4a,https://music.apple.com/us/album/you-belong-with-me-taylors-version/1552791073?i=1552791558&uo=4
Taylor Swift,Getaway Car,Taylor Swift,reputation,2017-11-10T12:00:00Z,Pop,1.29,USD,https://audio-ssl.itunes.apple.com/itunes-assets/AudioPreview211/v4/4b/db/4c/4bdb4c1e-e19e-5e71-1b49-8a1eaad716ba/mzaf_13094202028105221330.plus.aac.p.m4a,https://music.apple.com/us/album/getaway-car/1440933849?i=1440934262&uo=4
Taylor Swift,august,Taylor Swift,folklore,2020-07-24T12:00:00Z,Alternative,1.29,USD,https://audio-ssl.itunes.apple.com/itunes-assets/AudioPreview221/v4/fc/4c/4c/fc4c4cfb-b58d-ba29-8ce4-b7dfb5bb0053/mzaf_9441217196537110708.plus.aac.p.m4a,https://music.apple.com/us/album/august/1524801260?i=1524801944&uo=4
Taylor Swift,Fortnight (feat. Post Malone),Taylor Swift,THE TORTURED POETS DEPARTMENT: THE ANTHOLOGY,2024-04-19T12:00:00Z,Pop,1.29,USD,https://audio-ssl.itunes.apple.com/itunes-assets/AudioPreview221/v4/6a/d8/d1/6ad8d1f0-a747-d646-20d1-8c8dfb0bce3a/mzaf_190295342267799968.plus.aac.p.m4a,https://music.apple.com/us/album/fortnight-feat-post-malone/1742057774?i=1742057775&uo=4
Taylor Swift,Blank Space,Taylor Swift,1989 (Deluxe Edition),2014-10-27T07:00:00Z,Pop,1.29,USD,https://audio-ssl.itunes.apple.com/itunes-assets/AudioPreview211/v4/79/55/b1/7955b10c-6cb6-462a-861c-8e5cbcacfb76/mzaf_3395570742482345989.plus.aac.p.m4a,https://music.apple.com/us/album/blank-space/1440933512?i=1440933517&uo=4
Taylor Swift,cardigan,Taylor Swift,folklore,2020-07-24T12:00:00Z,Alternative,1.29,USD,https://audio-ssl.itunes.apple.com/itunes-assets/AudioPreview221/v4/00/b3/f2/00b3f2a0-3228-b65f-7189-91eb26f5adf6/mzaf_3535055549125623460.plus.aac.p.m4a,https://music.apple.com/us/album/cardigan/1524801260?i=1524801580&uo=4
Taylor Swift,Taylor Swift,Matt Cooper,Taylor Swift + Partner in Crime - Single,2022-01-14T12:00:00Z,Country,0.99,USD,https://audio-ssl.itunes.apple.com/itunes-assets/AudioPreview126/v4/a3/1e/8e/a31e8ea3-e81f-2a7e-c7f3-9b2ded8b71f1/mzaf_11801339877827772488.plus.aac.p.m4a,https://music.apple.com/us/album/taylor-swift/1718018850?i=1718018859&uo=4
Taylor Swift,my tears ricochet,Taylor Swift,folklore,2020-07-24T12:00:00Z,Alternative,1.29,USD,https://audio-ssl.itunes.apple.com/itunes-assets/AudioPreview211/v4/b4/a8/d2/b4a8d2b3-abfa-380d-104e-6b75b9cdbb6b/mzaf_5532311754651667055.plus.aac.p.m4a,https://music.apple.com/us/album/my-tears-ricochet/1524801260?i=1524801591&uo=4
Taylor Swift,Mean,Taylor Swift,Speak Now,2010-10-25T07:00:00Z,Country,1.29,USD,https://audio-ssl.itunes.apple.com/itunes-assets/AudioPreview221/v4/0c/fb/87/0cfb8717-5bfd-32a2-3d86-240e078d7c24/mzaf_14400523428952644020.plus.aac.p.m4a,https://music.apple.com/us/album/mean/1440920310?i=1440920597&uo=4
Taylor Swift,Welcome To New York,Taylor Swift,1989,2014-10-20T07:00:00Z,Pop,1.29,USD,https://audio-ssl.itunes.apple.com/itunes-assets/AudioPreview221/v4/44/f2/da/44f2daa3-2376-438a-02e8-bdb3ce32b37c/mzaf_13441752673723468494.plus.aac.p.m4a,https://music.apple.com/us/album/welcome-to-new-york/1440935467?i=1440935802&uo=4
Taylor Swift,Enchanted (Taylor's Version),Taylor Swift,Speak Now (Taylor's Version),2023-07-07T12:00:00Z,Pop,1.29,USD,https://audio-ssl.itunes.apple.com/itunes-assets/AudioPreview221/v4/ff/f2/da/fff2daa7-e089-c08b-9b34-d2ba8d8ee37c/mzaf_13585740172543756019.plus.aac.p.m4a,https://music.apple.com/us/album/enchanted-taylors-version/1690839749?i=1690840535&uo=4
Taylor Swift,Tim McGraw,Taylor Swift,Taylor Swift (Bonus Track Version),2006-06-19T12:00:00Z,Country,1.29,USD,https://audio-ssl.itunes.apple.com/itunes-assets/AudioPreview211/v4/1c/45/4a/1c454a16-58d0-92ec-a712-002e26f19023/mzaf_10939608306716726967.plus.aac.p.m4a,https://music.apple.com/us/album/tim-mcgraw/1440913923?i=1440913928&uo=4
Taylor Swift,I Forgot That You Existed,Taylor Swift,Lover,2019-08-23T07:00:00Z,Pop,1.29,USD,https://audio-ssl.itunes.apple.com/itunes-assets/AudioPreview221/v4/9c/e2/97/9ce2976a-b1c8-aa80-3e94-f4562cbad53e/mzaf_11906958635430192793.plus.aac.p.m4a,https://music.apple.com/us/album/i-forgot-that-you-existed/1468058165?i=1468058169&uo=4
Taylor Swift,Miss Americana & The Heartbreak Prince,Taylor Swift,Lover,2019-08-23T07:00:00Z,Pop,1.29,USD,https://audio-ssl.itunes.apple.com/itunes-assets/AudioPreview221/v4/8e/94/60/8e946056-a91f-77be-f615-f4f717908723/mzaf_9075445817267686583.plus.aac.p.m4a,https://music.apple.com/us/album/miss-americana-the-heartbreak-prince/1468058165?i=1468058180&uo=4
Taylor Swift,Daylight,Taylor Swift,Lover,2019-08-23T07:00:00Z,Pop,1.29,USD,https://audio-ssl.itunes.apple.com/itunes-assets/AudioPreview211/v4/9d/10/f6/9d10f6cc-8fa8-8ea1-1323-edabdcdeadae/mzaf_15969938021558823306.plus.aac.p.m4a,https://music.apple.com/us/album/daylight/1468058165?i=1468058708&uo=4
Drake,In My Feelings,Drake,Scorpion,2018-06-29T12:00:00Z,Hip-Hop/Rap,1.29,USD,https://audio-ssl.itunes.apple.com/itunes-assets/AudioPreview125/v4/1e/f0/ab/1ef0ab07-f9b6-ae6a-aad3-a7d63374e97f/mzaf_10070588351983905539.plus.aac.p.m4a,https://music.apple.com/us/album/in-my-feelings/1406109769?i=1406109901&uo=4
Drake,Hotline Bling,Drake,Views,2015-07-31T12:00:00Z,Hip-Hop/Rap,1.29,USD,https://audio-ssl.itunes.apple.com/itunes-assets/AudioPreview211/v4/1b/bd/bf/1bbdbf6c-2880-e39a-2ff4-a94eacd7f6c9/mzaf_17717139103919072059.plus.aac.p.m4a,https://music.apple.com/us/album/hotline-bling/1440842556?i=1440843974&uo=4
Drake,Finesse,Drake,Scorpion,2018-06-29T12:00:00Z,Hip-Hop/Rap,1.29,USD,https://audio-ssl.itunes.apple.com/itunes-assets/AudioPreview125/v4/fd/99/19/fd99196e-f1e8-6422-310f-3700e3ee51a4/mzaf_11044985536935960266.plus.aac.p.m4a,https://music.apple.com/us/album/finesse/1418213110?i=1418213392&uo=4
Drake,Odio (feat. Drake),Romeo Santos,"Fórmula, Vol. 2 (Deluxe Edition)",2014-01-27T08:00:00Z,Música tropical,1.29,USD,https://audio-ssl.itunes.apple.com/itunes-assets/AudioPreview221/v4/0a/4d/8f/0a4d8f1c-6ad5-7d67-6937-8a248633ea86/mzaf_13659809313593484046.plus.aac.p.m4a,https://music.apple.com/us/album/odio-feat-drake/804145376?i=804145420&uo=4
Drake,One Dance (feat. Wizkid & Kyla),Drake,Views,2016-04-05T12:00:00Z,Hip-Hop/Rap,1.29,USD,https://audio-ssl.itunes.apple.com/itunes-assets/AudioPreview116/v4/a8/bd/68/a8bd68a2-dcd2-9024-3859-3a9fd6d53576/mzaf_16864609147187531487.plus.aac.p.m4a,https://music.apple.com/us/album/one-dance-feat-wizkid-kyla/1440841363?i=1440841384&uo=4
Drake,MIA (feat. Drake),Bad Bunny,MIA (feat. Drake) - Single,2018-10-11T12:00:00Z,Latin,1.29,USD,https://audio-ssl.itunes.apple.com/itunes-assets/AudioPreview221/v4/50/eb/25/50eb2545-e400-fb43-6ff7-101f9bd429f2/mzaf_7089771968275109381.plus.aac.p.m4a,https://music.apple.com/us/album/mia-feat-drake/1662168785?i=1662168786&uo=4
Drake,Un-thinkable (I'm Ready) [Remix] {feat. Drake},Alicia Keys,Un-thinkable (I'm Ready) [Remix] {feat. Drake} - Single,2010-05-28T07:00:00Z,R&B/Soul,1.29,USD,https://audio-ssl.itunes.apple.com/itunes-assets/AudioPreview125/v4/1f/48/08/1f4808a9-eb5d-6797-af77-1c598ae8563a/mzaf_15707844589685266265.plus.aac.p.m4a,https://music.apple.com/us/album/un-thinkable-im-ready-remix-feat-drake/374980722?i=374980726&uo=4
Drake,Mr. Wrong (feat. Drake),Mary J. Blige,My Life II...The Journey Continues (Act 1) [Deluxe],2011-11-21T08:00:00Z,R&B/Soul,1.29,USD,https://audio-ssl.itunes.apple.com/itunes-assets/AudioPreview125/v4/8a/11/05/8a11052f-df94-4d94-e098-364e11a35801/mzaf_4329017299894926302.plus.aac.p.m4a,https://music.apple.com/us/album/mr-wrong-feat-drake/1442988659?i=1442989073&uo=4
Drake,I Invented Sex (feat. Drake),Trey Songz,Ready (Deluxe),2009-08-31T07:00:00Z,R&B/Soul,-1.0,USD,https://audio-ssl.itunes.apple.com/itunes-assets/AudioPreview211/v4/fc/16/b3/fc16b34f-eba1-97be-be15-33d18e596de6/mzaf_189677896041748322.plus.aac.p.m4a,https://music.apple.com/us/album/i-invented-sex-feat-drake/328448861?i=328449248&uo=4
Drake,Drake,Still Woozy,"If This Isn’t Nice, I Don’t Know What Is",2021-08-13T12:00:00Z,Pop,1.29,USD,https://audio-ssl.itunes.apple.com/itunes-assets/AudioPreview115/v4/66/77/f4/6677f4a5-8d7b-7e96-4396-13dedc6d63b5/mzaf_11526646626736762914.plus.aac.p.m4a,https://music.apple.com/us/album/drake/1572737677?i=1572737688&uo=4
Drake,Drake,Still Woozy,"If This Isn’t Nice, I Don’t Know What Is",2021-08-13T12:00:00Z,Pop,1.29,USD,https://audio-ssl.itunes.apple.com/itunes-assets/AudioPreview115/v4/e1/b8/e2/e1b8e298-33fc-43f8-af1b-8f012e0165b1/mzaf_5208647819754051870.plus.aac.p.m4a,https://music.apple.com/us/album/drake/1580843107?i=1580843380&uo=4
Drake,"Hold On, We're Going Home (feat. Majid Jordan)",Drake,Nothing Was the Same (Deluxe),2013-08-07T07:00:00Z,Hip-Hop/Rap,1.29,USD,https://audio-ssl.itunes.apple.com/itunes-assets/AudioPreview115/v4/e1/9b/b6/e19bb624-9cd8-021b-f771-e51629057774/mzaf_13878644440815306616.plus.aac.p.m4a,https://music.apple.com/us/album/hold-on-were-going-home-feat-majid-jordan/1440829462?i=1440829630&uo=4
Drake,One Dance (feat. Wizkid & Kyla),Drake,Views,2016-04-05T12:00:00Z,Hip-Hop/Rap,1.29,USD,https://audio-ssl.itunes.apple.com/itunes-assets/AudioPreview211/v4/9f/ce/31/9fce31a8-2363-2ed1-8aba-02532737f55a/mzaf_5942699190158325867.plus.aac.p.m4a,https://music.apple.com/us/album/one-dance-feat-wizkid-kyla/1440842556?i=1440843496&uo=4
Drake,MÍA (feat. Drake),Bad Bunny,X 100PRE,2018-10-11T12:00:00Z,Urbano latino,1.29,USD,https://audio-ssl.itunes.apple.com/itunes-assets/AudioPreview221/v4/72/ad/b6/72adb69d-18a8-a7cd-4534-bba34deb9486/mzaf_14761776520883767907.plus.aac.p.m4a,https://music.apple.com/us/album/m%C3%ADa-feat-drake/1447554595?i=1447555315&uo=4
Drake,Hotline Bling,Drake,Views,2015-07-31T12:00:00Z,Hip-Hop/Rap,1.29,USD,https://audio-ssl.itunes.apple.com/itunes-assets/AudioPreview125/v4/c7/b1/f3/c7b1f35a-8d24-735b-5923-1fb52fc7647e/mzaf_12441003627825640809.plus.aac.p.m4a,https://music.apple.com/us/album/hotline-bling/1440841363?i=1440841730&uo=4
Drake,Don’t Matter To Me,Drake & Michael Jackson,Scorpion,2018-06-29T12:00:00Z,Hip-Hop/Rap,1.29,USD,https://audio-ssl.itunes.apple.com/itunes-assets/AudioPreview125/v4/7b/ff/5e/7bff5ef4-737c-4343-c13b-fdce7f7fba22/mzaf_7768695627868711456.plus.aac.p.m4a,https://music.apple.com/us/album/dont-matter-to-me/1418213110?i=1418213403&uo=4
Drake,Blem,Drake,More Life,2017-03-18T12:00:00Z,Hip-Hop/Rap,1.29,USD,https://audio-ssl.itunes.apple.com/itunes-assets/AudioPreview125/v4/3e/75/fc/3e75fcde-b01a-3720-3b3e-4c50e5050381/mzaf_16786625535405681081.plus.aac.p.m4a,https://music.apple.com/us/album/blem/1440891750?i=1440892397&uo=4
Drake,Outta Time (feat. Drake),Bryson Tiller,A N N I V E R S A R Y,2020-10-02T12:00:00Z,R&B/Soul,1.29,USD,https://audio-ssl.itunes.apple.com/itunes-assets/AudioPreview211/v4/76/64/40/76644092-ec23-447c-bd7a-9540853de3cf/mzaf_4143369741300061985.plus.aac.p.m4a,https://music.apple.com/us/album/outta-time-feat-drake/1533349969?i=1533349985&uo=4
Drake,Signs,Drake,Signs - Single,2017-06-23T12:00:00Z,Hip-Hop/Rap,1.29,USD,https://audio-ssl.itunes.apple.com/itunes-assets/AudioPreview125/v4/32/96/e5/3296e522-e0c0-e54f-6354-423623959ac5/mzaf_11544558088389127199.plus.aac.p.m4a,https://music.apple.com/us/album/signs/1444620506?i=1444620510&uo=4
Drake,Summer Games,Drake,Scorpion,2018-06-29T12:00:00Z,Hip-Hop/Rap,1.29,USD,https://audio-ssl.itunes.apple.com/itunes-assets/AudioPreview115/v4/a0/c9/02/a0c9027f-2099-7c02-a65b-d9d0bef74810/mzaf_15150236875650374380.plus.aac.p.m4a,https://music.apple.com/us/album/summer-games/1418213110?i=1418213381&uo=4
Drake,Find Your Love,Drake,Thank Me Later,2010-05-05T07:00:00Z,Hip-Hop/Rap,1.29,USD,https://audio-ssl.itunes.apple.com/itunes-assets/AudioPreview125/v4/86/73/cc/8673cc33-0e13-5950-86d3-74800dfbe136/mzaf_5876953672416177332.plus.aac.p.m4a,https://music.apple.com/us/album/find-your-love/1440762388?i=1440762795&uo=4
Drake,LOYAL (feat. Drake),PARTYNEXTDOOR,PARTYMOBILE (Chopped Not Slopped),2019-11-21T08:00:00Z,R&B/Soul,1.29,USD,https://audio-ssl.itunes.apple.com/itunes-assets/AudioPreview116/v4/3d/71/1e/3d711e1c-978e-68e2-8dd7-f9d34049298f/mzaf_800989691633487266.plus.aac.p.m4a,https://music.apple.com/us/album/loyal-feat-drake/1681412130?i=1681412480&uo=4
Drake,In the Morning (feat. Drake),J. Cole,Cole World: The Sideline Story,2011-09-27T12:00:00Z,Hip-Hop/Rap,1.29,USD,https://audio-ssl.itunes.apple.com/itunes-assets/AudioPreview221/v4/7b/e2/58/7be258bc-f300-a11a-6f7c-9764c9ce165c/mzaf_2245065703062159417.plus.aac.p.m4a,https://music.apple.com/us/album/in-the-morning-feat-drake/1438892581?i=1438892859&uo=4
Drake,LOYAL (feat. Drake),PARTYNEXTDOOR,PARTYMOBILE,2019-11-21T12:00:00Z,R&B/Soul,1.29,USD,https://audio-ssl.itunes.apple.com/itunes-assets/AudioPreview113/v4/a9/1b/6a/a91b6aa6-b447-efd4-bd3f-e53d98745688/mzaf_14158924178781823641.plus.aac.p.m4a,https://music.apple.com/us/album/loyal-feat-drake/1662174504?i=1662174509&uo=4
Drake,TWIST & TURN (feat. Drake & PARTYNEXTDOOR),Popcaan,FIXTAPE,2020-08-07T12:00:00Z,Reggae,1.29,USD,https://audio-ssl.itunes.apple.com/itunes-assets/AudioPreview113/v4/9e/e6/95/9ee695f3-8866-44a6-60ff-afba1a784f24/mzaf_14539344739071878127.plus.aac.p.m4a,https://music.apple.com/us/album/twist-turn-feat-drake-partynextdoor/1662168538?i=1662168542&uo=4
Drake,Find Your Love,Drake,Thank Me Later,2010-05-05T12:00:00Z,Hip-Hop/Rap,1.29,USD,https://audio-ssl.itunes.apple.com/itunes-assets/AudioPreview125/v4/15/ee/3d/15ee3d4c-f79d-7d0e-f1a3-cf92dce8277e/mzaf_2698419193697638710.plus.aac.p.m4a,https://music.apple.com/us/album/find-your-love/1440788780?i=1440789557&uo=4
Drake,Massive,Drake,"Honestly, Nevermind",2022-06-17T12:00:00Z,Dance,1.29,USD,https://audio-ssl.itunes.apple.com/itunes-assets/AudioPreview122/v4/d9/3d/df/d93ddf2e-fb7d-100c-16e2-df57415283cc/mzaf_12718228560100449285.plus.aac.p.m4a,https://music.apple.com/us/album/massive/1630230040?i=1630230657&uo=4
Drake,Going Bad (feat. Drake),Meek Mill,Championships,2018-11-30T12:00:00Z,Hip-Hop/Rap,1.29,USD,https://audio-ssl.itunes.apple.com/itunes-assets/AudioPreview211/v4/90/20/b1/9020b10a-0709-a339-36fb-2e80aeecb34f/mzaf_1344438681085118722.plus.aac.p.m4a,https://music.apple.com/us/album/going-bad-feat-drake/1445101949?i=1445101958&uo=4
Drake,Flight's Booked,Drake,"Honestly, Nevermind",2022-06-17T12:00:00Z,Dance,1.29,USD,https://audio-ssl.itunes.apple.com/itunes-assets/AudioPreview122/v4/72/77/d0/7277d062-9c62-931e-5fdf-0623ef27fc92/mzaf_5452367877593870147.plus.aac.p.m4a,https://music.apple.com/us/album/flights-booked/1630230040?i=1630230762&uo=4
Drake,I Get Lonely,Drake,Care Package,2010-10-05T07:00:00Z,Hip-Hop/Rap,1.29,USD,https://audio-ssl.itunes.apple.com/itunes-assets/AudioPreview125/v4/da/09/8e/da098e35-00f1-9eab-aab5-7a9045eac9ea/mzaf_16443019125099233663.plus.aac.p.m4a,https://music.apple.com/us/album/i-get-lonely/1475177816?i=1475177827&uo=4
Drake,Texts Go Green,Drake,"Honestly, Nevermind",2022-06-17T12:00:00Z,Dance,1.29,USD,https://audio-ssl.itunes.apple.com/itunes-assets/AudioPreview112/v4/2e/d1/e0/2ed1e0f5-d4f5-dd76-e5da-85783744b106/mzaf_5263388730600637636.plus.aac.p.m4a,https://music.apple.com/us/album/texts-go-green/1630230040?i=1630230431&uo=4
Drake,Outta Time (feat. Drake),Bryson Tiller,A N N I V E R S A R Y (Deluxe),2020-10-02T07:00:00Z,R&B/Soul,1.29,USD,https://audio-ssl.itunes.apple.com/itunes-assets/AudioPreview211/v4/84/d7/a6/84d7a6d9-db13-38aa-e582-f9563c1d4a7a/mzaf_11107337744802636885.plus.aac.p.m4a,https://music.apple.com/us/album/outta-time-feat-drake/1555119414?i=1555119876&uo=4
Drake,Right Here (feat. Drake),Justin Bieber,Believe (Deluxe Edition),2012-06-15T12:00:00Z,Pop,1.29,USD,https://audio-ssl.itunes.apple.com/itunes-assets/AudioPreview221/v4/f6/92/ad/f692ad16-0e6c-38c8-2085-9fade6f40ce2/mzaf_13443894719379872036.plus.aac.p.m4a,https://music.apple.com/us/album/right-here-feat-drake/1440650852?i=1440650955&uo=4
Drake,Drake,Bart Baker,Drake - Single,2016-11-03T12:00:00Z,Pop,1.29,USD,https://audio-ssl.itunes.apple.com/itunes-assets/AudioPreview115/v4/a2/98/23/a2982388-37ee-5122-fd64-8a521141f780/mzaf_6080144177692744263.plus.aac.p.m4a,https://music.apple.com/us/album/drake/1171862150?i=1171862343&uo=4
Drake,PIMMIE'S DILEMMA,"Pimmie, PARTYNEXTDOOR & Drake",$ome $exy $ongs 4 U,2025-02-14T12:00:00Z,R&B/Soul,1.29,USD,https://audio-ssl.itunes.apple.com/itunes-assets/AudioPreview211/v4/f9/c2/c2/f9c2c205-f94a-ad8c-4049-b7b871abe27b/mzaf_12087687034927951713.plus.aac.p.m4a,https://music.apple.com/us/album/pimmies-dilemma/1796127242?i=1796127362&uo=4
Drake,GREEDY,PARTYNEXTDOOR & Drake,$ome $exy $ongs 4 U,2025-02-14T12:00:00Z,R&B/Soul,1.29,USD,https://audio-ssl.itunes.apple.com/itunes-assets/AudioPreview211/v4/be/70/d9/be70d9ca-6a64-a191-be28-b0b2b4c38d34/mzaf_7713199411673654682.plus.aac.p.m4a,https://music.apple.com/us/album/greedy/1796127242?i=1796127418&uo=4
Drake,Won't Be Late (feat. Drake),Swae Lee,Won't Be Late (feat. Drake) - Single,2019-08-16T12:00:00Z,Hip-Hop/Rap,1.29,USD,https://audio-ssl.itunes.apple.com/itunes-assets/AudioPreview125/v4/b6/68/2f/b6682f87-b033-4092-4ddb-f786829ae866/mzaf_15294938485626823236.plus.aac.p.m4a,https://music.apple.com/us/album/wont-be-late-feat-drake/1476636380?i=1476636382&uo=4
Drake,4422 (feat. Sampha),Drake,More Life,2017-03-18T12:00:00Z,Hip-Hop/Rap,1.29,USD,https://audio-ssl.itunes.apple.com/itunes-assets/AudioPreview115/v4/fd/d5/f4/fdd5f4ab-70c1-212a-999c-c11b6db1f5c7/mzaf_15122105533713242471.plus.aac.p.m4a,https://music.apple.com/us/album/4422-feat-sampha/1440891750?i=1440892405&uo=4
Drake,Madiba Riddim,Drake,More Life,2017-03-18T12:00:00Z,Hip-Hop/Rap,1.29,USD,https://audio-ssl.itunes.apple.com/itunes-assets/AudioPreview125/v4/2a/3e/af/2a3eafca-da14-3df0-c725-f57adde68dfc/mzaf_1099798029971044655.plus.aac.p.m4a,https://music.apple.com/us/album/madiba-riddim/1440891750?i=1440892261&uo=4
Drake,Nonstop,Drake,Scorpion,2018-06-29T12:00:00Z,Hip-Hop/Rap,1.29,USD,https://audio-ssl.itunes.apple.com/itunes-assets/AudioPreview115/v4/b0/97/03/b0970351-ac8c-2f17-b24d-ad89d140a084/mzaf_17846596306163950808.plus.aac.p.m4a,https://music.apple.com/us/album/nonstop/1406109769?i=1406109777&uo=4
Drake,Nice For What,Drake,Scorpion,2018-04-06T07:00:00Z,Hip-Hop/Rap,1.29,USD,https://audio-ssl.itunes.apple.com/itunes-assets/AudioPreview125/v4/79/cd/a4/79cda451-49c9-3d17-09e7-e14e92d7d516/mzaf_13863363977419663863.plus.aac.p.m4a,https://music.apple.com/us/album/nice-for-what/1406109769?i=1406109896&uo=4
Drake,Nothings Into Somethings,Drake,More Life,2017-03-18T12:00:00Z,Hip-Hop/Rap,1.29,USD,https://audio-ssl.itunes.apple.com/itunes-assets/AudioPreview125/v4/bc/1e/c2/bc1ec289-104c-849f-bf9a-e263d3acd0e9/mzaf_10487359753853794560.plus.aac.p.m4a,https://music.apple.com/us/album/nothings-into-somethings/1440891750?i=1440892723&uo=4
Drake,God's Plan,Drake,Scorpion,2018-01-19T08:00:00Z,Hip-Hop/Rap,1.29,USD,https://audio-ssl.itunes.apple.com/itunes-assets/AudioPreview115/v4/da/7d/f1/da7df14b-8ee6-5020-d850-ccc0381eb141/mzaf_5511967710095380808.plus.aac.p.m4a,https://music.apple.com/us/album/gods-plan/1406109769?i=1406109863&uo=4
Drake,Wants and Needs (feat. Lil Baby),Drake,Scary Hours 2,2021-03-05T12:00:00Z,Hip-Hop/Rap,1.29,USD,https://audio-ssl.itunes.apple.com/itunes-assets/AudioPreview115/v4/6d/c4/96/6dc4960d-b737-9b62-1a6a-0eca958b3e99/mzaf_7366473536914991570.plus.aac.p.m4a,https://music.apple.com/us/album/wants-and-needs-feat-lil-baby/1556657246?i=1556658055&uo=4
Drake,Since Way Back (feat. PARTYNEXTDOOR),Drake,More Life,2017-03-18T12:00:00Z,Hip-Hop/Rap,1.29,USD,https://audio-ssl.itunes.apple.com/itunes-assets/AudioPreview115/v4/0f/f9/bb/0ff9bba0-3fa3-a74a-c175-c4bde3862229/mzaf_17609956951366495051.plus.aac.p.m4a,https://music.apple.com/us/album/since-way-back-feat-partynextdoor/1440891750?i=1440893020&uo=4
Drake,Since Way Back (feat. PARTYNEXTDOOR),Drake,More Life,2017-03-18T12:00:00Z,Hip-Hop/Rap,1.29,USD,https://audio-ssl.itunes.apple.com/itunes-assets/AudioPreview115/v4/90/35/97/90359766-d1e7-e5af-7ac6-019aa285bea1/mzaf_6413080072066992558.plus.aac.p.m4a,https://music.apple.com/us/album/since-way-back-feat-partynextdoor/1440890708?i=1440892220&uo=4
Drake,Drake (Instrumental),The Streets,"40 Hip Hop/R&B Instrumentals 2014, Vol. 1",2014-11-18T12:00:00Z,R&B/Soul,0.99,USD,https://audio-ssl.itunes.apple.com/itunes-assets/AudioPreview125/v4/b6/5e/58/b65e586e-4ce1-2cb5-5501-d4e4fb677c48/mzaf_2065909884102748029.plus.aac.p.m4a,https://music.apple.com/us/album/drake-instrumental/944366619?i=944366636&uo=4
Drake,Falling Back,Drake,"Honestly, Nevermind",2022-06-17T12:00:00Z,Dance,1.29,USD,https://audio-ssl.itunes.apple.com/itunes-assets/AudioPreview122/v4/9a/27/16/9a2716a4-b4c5-80b6-53e5-f543f14c23ef/mzaf_82854546793669095.plus.aac.p.m4a,https://music.apple.com/us/album/falling-back/1630230040?i=1630230060&uo=4
Drake,One Dance (feat. Wizkid & Kyla),Drake,One Dance (feat. Wizkid & Kyla) - Single,2016-04-05T12:00:00Z,Hip-Hop/Rap,1.29,USD,https://audio-ssl.itunes.apple.com/itunes-assets/AudioPreview126/v4/25/eb/68/25eb6888-2f1d-7e10-8ea4-ba8213ff1c54/mzaf_12543213267298631850.plus.aac.p.m4a,https://music.apple.com/us/album/one-dance-feat-wizkid-kyla/1444879252?i=1444879255&uo=4
Drake,Stars Align (with Drake),Majid Jordan & Drake,Wildest Dreams,2021-10-22T12:00:00Z,R&B/Soul,1.29,USD,https://audio-ssl.itunes.apple.com/itunes-assets/AudioPreview221/v4/77/f6/54/77f65412-10dc-927b-a0e3-acddafddcd3e/mzaf_4586761343603431276.plus.aac.p.m4a,https://music.apple.com/us/album/stars-align-with-drake/1662237142?i=1662237145&uo=4
The Weeknd,Call Out My Name,The Weeknd,"My Dear Melancholy,",2018-03-30T12:00:00Z,R&B/Soul,1.29,USD,https://audio-ssl.itunes.apple.com/itunes-assets/AudioPreview211/v4/d1/2f/3d/d12f3d43-a2e2-eba4-8db5-91f3f3c13f5a/mzaf_8470584399239689698.plus.aac.p.m4a,https://music.apple.com/us/album/call-out-my-name/1363309866?i=1363310482&uo=4
The Weeknd,Blinding Lights,The Weeknd,Blinding Lights - Single,2019-11-29T12:00:00Z,R&B/Soul,,USD,https://audio-ssl.itunes.apple.com/itunes-assets/AudioPreview211/v4/17/b4/8f/17b48f9a-0b93-6bb8-fe1d-3a16623c2cfb/mzaf_9560252727299052414.plus.aac.p.m4a,https://music.apple.com/us/album/blinding-lights/1488408555?i=1488408568&uo=4
The Weeknd,Die For You,The Weeknd,Starboy,2016-11-25T12:00:00Z,R&B/Soul,1.29,USD,https://audio-ssl.itunes.apple.com/itunes-assets/AudioPreview211/v4/5e/5c/f6/5e5cf682-062f-6d93-4585-8961d45a2513/mzaf_693841552796929970.plus.aac.p.m4a,https://music.apple.com/us/album/die-for-you/1440871397?i=1440872304&uo=4
The Weeknd,One Of The Girls,"The Weeknd, JENNIE & Lily Rose Depp",The Idol Episode 4 (Music from the HBO Original Series) - Single,2023-06-23T12:00:00Z,Soundtrack,1.29,USD,https://audio-ssl.itunes.apple.com/itunes-assets/AudioPreview221/v4/9e/2f/1f/9e2f1f11-20a8-767a-0e33-9029028a7024/mzaf_1603981766065362477.plus.aac.p.m4a,https://music.apple.com/us/album/one-of-the-girls/1693891133?i=1693891139&uo=4
The Weeknd,I Feel It Coming (feat. Daft Punk),The Weeknd,Starboy,2016-11-18T12:00:00Z,R&B/Soul,1.29,USD,https://audio-ssl.itunes.apple.com/itunes-assets/AudioPreview221/v4/1a/36/80/1a36802a-1d9b-6318-87a7-7dca1857a60f/mzaf_14430547566964812827.plus.aac.p.m4a,https://music.apple.com/us/album/i-feel-it-coming-feat-daft-punk/1440871397?i=1440872309&uo=4
The Weeknd,Can't Feel My Face,The Weeknd,Beauty Behind the Madness,2015-06-08T07:00:00Z,R&B/Soul,1.29,USD,https://audio-ssl.itunes.apple.com/itunes-assets/AudioPreview221/v4/1e/cd/50/1ecd50b2-343b-c570-d976-7e089e56e0a5/mzaf_7391966967236748397.plus.aac.p.m4a,https://music.apple.com/us/album/cant-feel-my-face/1440826239?i=1440826389&uo=4
The Weeknd,Coming Down,The Weeknd,Trilogy,2011-03-21T12:00:00Z,R&B/Soul,1.29,USD,https://audio-ssl.itunes.apple.com/itunes-assets/AudioPreview211/v4/d3/19/4a/d3194ac4-730a-b12b-b04f-e95bab0416a4/mzaf_4133956479160019549.plus.aac.p.m4a,https://music.apple.com/us/album/coming-down/1714908584?i=1714908991&uo=4
The Weeknd,What You Need,The Weeknd,Trilogy,2011-03-21T12:00:00Z,R&B/Soul,1.29,USD,https://audio-ssl.itunes.apple.com/itunes-assets/AudioPreview221/v4/b7/f4/c0/b7f4c09c-d20c-d3a7-3a35-0acd3cc0ce1b/mzaf_1248819328861407392.plus.aac.p.m4a,https://music.apple.com/us/album/what-you-need/1714908584?i=1714908981&uo=4
The Weeknd,Love Me Harder,Ariana Grande & The Weeknd,My Everything (Bonus Tracks Edition),2014-03-03T12:00:00Z,Pop,1.29,USD,https://audio-ssl.itunes.apple.com/itunes-assets/AudioPreview211/v4/d1/e6/a7/d1e6a783-c41d-f5db-9a66-dc32cf1b0397/mzaf_8578862161573166847.plus.aac.p.m4a,https://music.apple.com/us/album/love-me-harder/1440852353?i=1440852992&uo=4
The Weeknd,I Was Never There,The Weeknd & Gesaffelstein,"My Dear Melancholy,",2018-03-30T12:00:00Z,R&B/Soul,1.29,USD,https://audio-ssl.itunes.apple.com/itunes-assets/AudioPreview221/v4/f5/af/de/f5afde85-49ec-d07a-94b8-561d6fd0695f/mzaf_1634234024178578725.plus.aac.p.m4a,https://music.apple.com/us/album/i-was-never-there/1363309866?i=1363310498&uo=4
The Weeknd,Try Me,The Weeknd,"My Dear Melancholy,",2018-03-30T12:00:00Z,R&B/Soul,1.29,USD,https://audio-ssl.itunes.apple.com/itunes-assets/AudioPreview211/v4/fb/42/db/fb42db3d-3b48-422f-f1e6-67e38385155b/mzaf_5356443608289932095.plus.aac.p.m4a,https://music.apple.com/us/album/try-me/1363309866?i=1363310493&uo=4
The Weeknd,Save Your Tears (Remix),The Weeknd & Ariana Grande,Save Your Tears (Remix) - Single,2021-04-22T12:00:00Z,R&B/Soul,1.29,USD,https://audio-ssl.itunes.apple.com/itunes-assets/AudioPreview211/v4/1a/ff/6b/1aff6b9c-1467-188a-25d2-114d1c36fdf3/mzaf_2429672072048959558.plus.aac.p.m4a,https://music.apple.com/us/album/save-your-tears-remix/1563812774?i=1563812775&uo=4
The Weeknd,Moth To A Flame,Swedish House Mafia & The Weeknd,Moth To A Flame - Single,2021-10-22T07:00:00Z,Dance,,USD,https://audio-ssl.itunes.apple.com/itunes-assets/AudioPreview211/v4/26/33/d2/2633d2b9-58f1-f9c0-7b43-b9d5ab1e5005/mzaf_15573204222455676396.plus.aac.p.m4a,https://music.apple.com/us/album/moth-to-a-flame/1590610692?i=1590610710&uo=4
The Weeknd,Can't Feel My Face,The Weeknd,Beauty Behind the Madness,2015-06-05T12:00:00Z,R&B/Soul,1.29,USD,https://audio-ssl.itunes.apple.com/itunes-assets/AudioPreview211/v4/e0/4d/65/e04d6546-d5ae-28bf-51fa-e4e54d737c2f/mzaf_17329746342766146939.plus.aac.p.m4a,https://music.apple.com/us/album/cant-feel-my-face/1440858094?i=1440858500&uo=4
The Weeknd,Stargirl Interlude (feat. Lana Del Rey),The Weeknd,Starboy,2016-11-25T12:00:00Z,R&B/Soul,1.29,USD,https://audio-ssl.itunes.apple.com/itunes-assets/AudioPreview221/v4/a7/16/b7/a716b74a-911e-66a9-a16b-1c8513594c9d/mzaf_10411273511987175106.plus.aac.p.m4a,https://music.apple.com/us/album/stargirl-interlude-feat-lana-del-rey/1440871397?i=1440871932&uo=4
The Weeknd,Earned It,The Weeknd,Fifty Shades of Grey (Original Motion Picture Soundtrack),2014-12-23T12:00:00Z,Soundtrack,1.29,USD,https://audio-ssl.itunes.apple.com/itunes-assets/AudioPreview221/v4/04/13/7a/04137aba-99fa-6331-81d5-d69097ab97be/mzaf_3869073502048666760.plus.aac.p.m4a,https://music.apple.com/us/album/earned-it/1440845197?i=1440845641&uo=4
The Weeknd,After Hours,The Weeknd,After Hours,2020-02-19T08:00:00Z,R&B/Soul,1.29,USD,https://audio-ssl.itunes.apple.com/itunes-assets/AudioPreview211/v4/54/2b/61/542b6133-80f7-f30f-4dcf-059490db9d84/mzaf_1539067797902127760.plus.aac.p.m4a,https://music.apple.com/us/album/after-hours/1499378108?i=1499378615&uo=4
The Weeknd,Dancing In The Flames,The Weeknd,Dancing In The Flames - EP,2024-09-13T12:00:00Z,R&B/Soul,,USD,https://audio-ssl.itunes.apple.com/itunes-assets/AudioPreview221/v4/93/e5/43/93e54383-b6b0-a7d4-0680-d9fc68dd8a14/mzaf_15186466804176015255.plus.aac.p.m4a,https://music.apple.com/us/album/dancing-in-the-flames/1768635694?i=1768635695&uo=4
The Weeknd,Lust for Life (feat. The Weeknd),Lana Del Rey,Lust for Life,2017-04-19T12:00:00Z,Alternative,1.29,USD,https://audio-ssl.itunes.apple.com/itunes-assets/AudioPreview125/v4/2c/62/e8/2c62e8f2-3c5b-5ce7-2a0b-85302ccad1d1/mzaf_14793992012442007198.plus.aac.p.m4a,https://music.apple.com/us/album/lust-for-life-feat-the-weeknd/1440899893?i=1440900135&uo=4
The Weeknd,The Birds Pt. 1,The Weeknd,Trilogy,2011-08-18T12:00:00Z,R&B/Soul,1.29,USD,https://audio-ssl.itunes.apple.com/itunes-assets/AudioPreview221/v4/8c/00/99/8c00991b-2300-5d4b-96c6-ac980f238e6b/mzaf_5009266854929192602.plus.aac.p.m4a,https://music.apple.com/us/album/the-birds-pt-1/1714908584?i=1714909161&uo=4
The Weeknd,The Abyss,The Weeknd & Lana Del Rey,Hurry Up Tomorrow,2025-01-31T12:00:00Z,R&B/Soul,1.29,USD,https://audio-ssl.itunes.apple.com/itunes-assets/AudioPreview221/v4/fe/60/94/fe609404-245c-c4c4-6614-f6df66728b73/mzaf_3828883311165693506.plus.aac.p.m4a,https://music.apple.com/us/album/the-abyss/1793654348?i=1793654652&uo=4
The Weeknd,Is There Someone Else?,The Weeknd,Dawn FM,2022-01-07T12:00:00Z,R&B/Soul,1.29,USD,https://audio-ssl.itunes.apple.com/itunes-assets/AudioPreview211/v4/70/05/2d/70052d8a-44e1-4fa2-8b24-504cf28d3506/mzaf_10428041991938795363.plus.aac.p.m4a,https://music.apple.com/us/album/is-there-someone-else/1603171516?i=1603171893&uo=4
The Weeknd,Secrets,The Weeknd,Starboy,2016-11-25T12:00:00Z,R&B/Soul,1.29,USD,https://audio-ssl.itunes.apple.com/itunes-assets/AudioPreview211/v4/a8/d4/c1/a8d4c17c-9adb-1b1b-927f-3a2ad2f344b4/mzaf_1320348353902125802.plus.aac.p.m4a,https://music.apple.com/us/album/secrets/1440871397?i=1440871712&uo=4
The Weeknd,A Lonely Night,The Weeknd,Starboy,2016-11-25T12:00:00Z,R&B/Soul,1.29,USD,https://audio-ssl.itunes.apple.com/itunes-assets/AudioPreview221/v4/f5/63/08/f56308e4-00df-c7fd-a3c9-b27a2b26b4d0/mzaf_1425561242948500226.plus.aac.p.m4a,https://music.apple.com/us/album/a-lonely-night/1440871397?i=1440872113&uo=4
The Weeknd,Die For You (Remix),The Weeknd & Ariana Grande,Die For You (Remix) - Single,2023-02-24T12:00:00Z,R&B/Soul,1.29,USD,https://audio-ssl.itunes.apple.com/itunes-assets/AudioPreview221/v4/68/49/eb/6849eb6e-30f4-1ede-6826-59edcaaba663/mzaf_15964709889579587694.plus.aac.p.m4a,https://music.apple.com/us/album/die-for-you-remix/1673432330?i=1673432343&uo=4
The Weeknd,High For This,The Weeknd,Trilogy,2011-03-21T12:00:00Z,R&B/Soul,1.29,USD,https://audio-ssl.itunes.apple.com/itunes-assets/AudioPreview211/v4/d8/aa/e7/d8aae726-31d9-3274-1980-641be2548b70/mzaf_9886385114410573383.plus.aac.p.m4a,https://music.apple.com/us/album/high-for-this/1714908584?i=1714908977&uo=4
The Weeknd,Valerie,The Weeknd,Trilogy,2011-08-18T12:00:00Z,R&B/Soul,1.29,USD,https://audio-ssl.itunes.apple.com/itunes-assets/AudioPreview221/v4/7a/4e/ce/7a4ece58-888b-8cce-a85c-f8cc66ca5440/mzaf_8844285217701585228.plus.aac.p.m4a,https://music.apple.com/us/album/valerie/1714908584?i=1714909174&uo=4
The Weeknd,After Hours,The Weeknd,After Hours,2020-02-19T08:00:00Z,R&B/Soul,1.29,USD,https://audio-ssl.itunes.apple.com/itunes-assets/AudioPreview221/v4/77/c1/c7/77c1c7dd-0a25-932e-a15e-e73e333e9672/mzaf_5894519604259432400.plus.aac.p.m4a,https://music.apple.com/us/album/after-hours/1499385848?i=1499386375&uo=4
The Weeknd,True Colors,The Weeknd,Starboy,2016-11-25T12:00:00Z,R&B/Soul,1.29,USD,https://audio-ssl.itunes.apple.com/itunes-assets/AudioPreview221/v4/5a/aa/03/5aaa031a-3cca-d1f4-c516-e664633463c7/mzaf_3767374481505991389.plus.aac.p.m4a,https://music.apple.com/us/album/true-colors/1440871397?i=1440871717&uo=4
The Weeknd,Out of Time,The Weeknd,Dawn FM,2022-01-07T12:00:00Z,R&B/Soul,1.29,USD,https://audio-ssl.itunes.apple.com/itunes-assets/AudioPreview211/v4/79/b8/43/79b84369-15c3-5a5a-fb72-2334b00826e6/mzaf_4381874253449656759.plus.aac.p.m4a,https://music.apple.com/us/album/out-of-time/1603171516?i=1603171870&uo=4
The Weeknd,Coming Down (Original),The Weeknd,House of Balloons (Original),2011-03-21T12:00:00Z,R&B/Soul,1.29,USD,https://audio-ssl.itunes.apple.com/itunes-assets/AudioPreview211/v4/8f/29/e7/8f29e72c-9ed8-fc4a-bb0d-6cd525877575/mzaf_11890493234761570127.plus.aac.p.m4a,https://music.apple.com/us/album/coming-down-original/1558941834?i=1558942387&uo=4
The Weeknd,Dancing In The Flames,The Weeknd,Dancing In The Flames - Single,2024-09-13T12:00:00Z,R&B/Soul,,USD,https://audio-ssl.itunes.apple.com/itunes-assets/AudioPreview221/v4/c5/c9/e9/c5c9e94c-8b5d-6943-b525-53b738321176/mzaf_1663776173128279632.plus.aac.p.m4a,https://music.apple.com/us/album/dancing-in-the-flames/1767511510?i=1767511513&uo=4
The Weeknd,Blinding Lights,The Weeknd,After Hours,2019-11-29T08:00:00Z,R&B/Soul,1.29,USD,https://audio-ssl.itunes.apple.com/itunes-assets/AudioPreview211/v4/19/d6/60/19d660ff-e3a9-8377-15a3-ce4b28e89cac/mzaf_18422426156481158187.plus.aac.p.m4a,https://music.apple.com/us/album/blinding-lights/1499378108?i=1499378607&uo=4
The Weeknd,Starboy (feat. Daft Punk),The Weeknd,Starboy,2016-09-21T12:00:00Z,R&B/Soul,1.29,USD,https://audio-ssl.itunes.apple.com/itunes-assets/AudioPreview211/v4/3f/a0/ba/3fa0ba5b-088d-bcf2-e4bd-355a5d505617/mzaf_3355567893400963384.plus.aac.p.m4a,https://music.apple.com/us/album/starboy-feat-daft-punk/1440870373?i=1440870375&uo=4
The Weeknd,D.D.,The Weeknd,Trilogy,2011-12-21T12:00:00Z,R&B/Soul,1.29,USD,https://audio-ssl.itunes.apple.com/itunes-assets/AudioPreview221/v4/f6/24/98/f6249870-2554-3387-71a6-119e6b217d5e/mzaf_5599670517372067603.plus.aac.p.m4a,https://music.apple.com/us/album/d-d/1714908584?i=1714909176&uo=4
The Weeknd,Hawái (Remix),Maluma & The Weeknd,Hawái (Remix) - Single,2020-11-05T12:00:00Z,Pop,1.29,USD,https://audio-ssl.itunes.apple.com/itunes-assets/AudioPreview125/v4/9b/05/fa/9b05faf0-df7a-b9a3-c101-ae5fe5e5dd78/mzaf_7256167930214833797.plus.aac.p.m4a,https://music.apple.com/us/album/haw%C3%A1i-remix/1538809228?i=1538809230&uo=4
The Weeknd,Next,The Weeknd,Trilogy,2011-12-21T12:00:00Z,R&B/Soul,1.29,USD,https://audio-ssl.itunes.apple.com/itunes-assets/AudioPreview211/v4/77/e4/80/77e4805b-5ce1-6bb5-d6be-c17151daa998/mzaf_17423764171308797398.plus.aac.p.m4a,https://music.apple.com/us/album/next/1714908584?i=1714909422&uo=4
The Weeknd,False Alarm,The Weeknd,Starboy,2016-11-25T12:00:00Z,R&B/Soul,1.29,USD,https://audio-ssl.itunes.apple.com/itunes-assets/AudioPreview211/v4/ea/1a/e3/ea1ae36e-c0b3-309b-4381-2dfdfc44a394/mzaf_14937049516462796435.plus.aac.p.m4a,https://music.apple.com/us/album/false-alarm/1440871397?i=1440871698&uo=4
The Weeknd,Ordinary Life,The Weeknd,Starboy,2016-11-25T12:00:00Z,R&B/Soul,1.29,USD,https://audio-ssl.itunes.apple.com/itunes-assets/AudioPreview221/v4/00/ab/6e/00ab6eb3-ed3d-eb00-451b-120b67637448/mzaf_822193320415422238.plus.aac.p.m4a,https://music.apple.com/us/album/ordinary-life/1440871397?i=1440872135&uo=4
The Weeknd,Baptized In Fear,The Weeknd,Hurry Up Tomorrow,2025-01-31T12:00:00Z,R&B/Soul,1.29,USD,https://audio-ssl.itunes.apple.com/itunes-assets/AudioPreview221/v4/a2/55/47/a2554790-550f-6596-032e-0b3798b1e568/mzaf_13705300379672259796.plus.aac.p.m4a,https://music.apple.com/us/album/baptized-in-fear/1793654348?i=1793654357&uo=4
The Weeknd,Nothing Without You,The Weeknd,Starboy,2016-11-25T12:00:00Z,R&B/Soul,1.29,USD,https://audio-ssl.itunes.apple.com/itunes-assets/AudioPreview221/v4/e8/b6/0a/e8b60af0-4848-d8be-e987-35d0b54b18fc/mzaf_9846346837194408432.plus.aac.p.m4a,https://music.apple.com/us/album/nothing-without-you/1440871397?i=1440872291&uo=4
The Weeknd,Thursday,The Weeknd,Trilogy,2011-08-18T12:00:00Z,R&B/Soul,1.29,USD,https://audio-ssl.itunes.apple.com/itunes-assets/AudioPreview211/v4/56/71/c5/5671c513-6656-80c1-ce70-273a46324b7b/mzaf_4134154684420010349.plus.aac.p.m4a,https://music.apple.com/us/album/thursday/1714908584?i=1714909005&uo=4
The Weeknd,Less Than Zero,The Weeknd,Dawn FM,2022-01-07T12:00:00Z,R&B/Soul,1.29,USD,https://audio-ssl.itunes.apple.com/itunes-assets/AudioPreview221/v4/c0/e2/7e/c0e27e45-d9bd-0d01-e977-68726d066fa0/mzaf_1415464860944209003.plus.aac.p.m4a,https://music.apple.com/us/album/less-than-zero/1603171516?i=1603171970&uo=4
The Weeknd,The Knowing,The Weeknd,Trilogy,2011-03-21T12:00:00Z,R&B/Soul,1.29,USD,https://audio-ssl.itunes.apple.com/itunes-assets/AudioPreview221/v4/14/4b/d8/144bd87a-126b-d595-da75-e9bf4869e2b5/mzaf_2056726508237426543.plus.aac.p.m4a,https://music.apple.com/us/album/the-knowing/1714908584?i=1714908995&uo=4
The Weeknd,Take My Breath,The Weeknd,Take My Breath - Single,2021-08-06T12:00:00Z,R&B/Soul,1.29,USD,https://audio-ssl.itunes.apple.com/itunes-assets/AudioPreview211/v4/c3/9e/1d/c39e1d1a-9a36-01eb-6991-43d1e4a0c279/mzaf_9848453055534443071.plus.aac.p.m4a,https://music.apple.com/us/album/take-my-breath/1579408007?i=1579408008&uo=4
The Weeknd,Till Dawn (Here Comes The Sun),The Weeknd,Trilogy,2011-12-21T12:00:00Z,R&B/Soul,1.29,USD,https://audio-ssl.itunes.apple.com/itunes-assets/AudioPreview211/v4/6c/87/29/6c8729c3-fe0a-df1a-b49b-6e6edc4d08fb/mzaf_8191847357805465447.plus.aac.p.m4a,https://music.apple.com/us/album/till-dawn-here-comes-the-sun/1714908584?i=1714909426&uo=4
The Weeknd,Montreal,The Weeknd,Trilogy,2011-12-21T12:00:00Z,R&B/Soul,1.29,USD,https://audio-ssl.itunes.apple.com/itunes-assets/AudioPreview221/v4/2d/d5/e4/2dd5e4e2-d444-676b-8e02-0e29797d67d6/mzaf_1900297398858856055.plus.aac.p.m4a,https://music.apple.com/us/album/montreal/1714908584?i=1714909177&uo=4
The Weeknd,Love To Lay,The Weeknd,Starboy,2016-11-25T12:00:00Z,R&B/Soul,1.29,USD,https://audio-ssl.itunes.apple.com/itunes-assets/AudioPreview221/v4/9f/20/00/9f2000da-2a88-56a6-3762-cae139238fe5/mzaf_15118021149217494119.plus.aac.p.m4a,https://music.apple.com/us/album/love-to-lay/1440871397?i=1440872014&uo=4
The Weeknd,The Town,The Weeknd,Kiss Land,2013-09-10T12:00:00Z,R&B/Soul,1.29,USD,https://audio-ssl.itunes.apple.com/itunes-assets/AudioPreview211/v4/ab/be/3b/abbe3b46-6db9-c864-455a-892d9ff279bf/mzaf_904385501176149785.plus.aac.p.m4a,https://music.apple.com/us/album/the-town/1422667786?i=1422667804&uo=4
The Weeknd,Adaptation,The Weeknd,Kiss Land,2013-09-10T12:00:00Z,R&B/Soul,1.29,USD,https://audio-ssl.itunes.apple.com/itunes-assets/AudioPreview211/v4/50/6c/b0/506cb0e9-1551-c26c-65ec-263a575043a8/mzaf_6025426991298432569.plus.aac.p.m4a,https://music.apple.com/us/album/adaptation/1422667786?i=1422667809&uo=4
Suno AI music,Ye Gotedar Lahnga 2.0,Suno Ai Music,Ye Gotedar Lahnga 2.0 - Single,2026-05-31T07:00:00Z,New Age,0.99,USD,https://audio-ssl.itunes.apple.com/itunes-assets/AudioPreview211/v4/1c/f4/99/1cf49966-690e-cf07-fc95-3f3046126a30/mzaf_13975373441362351179.plus.aac.p.m4a,https://music.apple.com/us/album/ye-gotedar-lahnga-2-0/6774887834?i=6774887835&uo=4
Suno AI music,Didi Tera Devar Deewana 2.0,Suno Ai Music,Didi Tera Devar Deewana 2.0 - Single,2026-05-29T07:00:00Z,New Age,0.99,USD,https://audio-ssl.itunes.apple.com/itunes-assets/AudioPreview211/v4/a8/18/1a/a8181ad8-3e4e-18fd-2f60-cac9b25d44bb/mzaf_3279297417384845301.plus.aac.p.m4a,https://music.apple.com/us/album/didi-tera-devar-deewana-2-0/6774966825?i=6774966826&uo=4
Suno AI music,Where Moments Hide (feat. Suno AI Music),Fabian Engelhardt Suno AI Music,Where Moments Hide (feat. Suno AI Music) - Single,2025-09-28T12:00:00Z,Rock,0.99,USD,https://audio-ssl.itunes.apple.com/itunes-assets/AudioPreview221/v4/91/c5/7d/91c57d9c-e5a9-64f6-55df-bf5fc5e79e28/mzaf_15045989660403914703.plus.aac.p.m4a,https://music.apple.com/us/album/where-moments-hide-feat-suno-ai-music/1839562844?i=1839562845&uo=4
Suno AI music,The Fire to Rise Again (feat. Suno AI Music),Fabian Engelhardt Suno AI Music,Life Beyond All Chains (feat. Suno Ai Music),2025-11-28T12:00:00Z,Rock,0.99,USD,https://audio-ssl.itunes.apple.com/itunes-assets/AudioPreview211/v4/46/b7/f3/46b7f367-ae13-5dbf-ab65-2c25cbf4c5b2/mzaf_8688577034744647281.plus.aac.p.m4a,https://music.apple.com/us/album/the-fire-to-rise-again-feat-suno-ai-music/1850736465?i=1850736475&uo=4
Suno AI music,Embers Of The Storm (feat. Suno AI Music),Fabian Engelhardt Suno AI Music,Life Beyond All Chains (feat. Suno Ai Music),2025-11-28T12:00:00Z,Rock,0.99,USD,https://audio-ssl.itunes.apple.com/itunes-assets/AudioPreview211/v4/e5/22/05/e5220547-9afa-9dfe-8e72-23465a11b09d/mzaf_778940059077321711.plus.aac.p.m4a,https://music.apple.com/us/album/embers-of-the-storm-feat-suno-ai-music/1850736465?i=1850736470&uo=4
Suno AI music,...Baby One More Time,Britney Spears,...Baby One More Time (Deluxe Version),1998-09-29T07:00:00Z,Pop,1.29,USD,https://audio-ssl.itunes.apple.com/itunes-assets/AudioPreview221/v4/49/6a/b2/496ab286-3c2d-91f9-2d83-2dc2d7d0ed39/mzaf_9080140052391941165.plus.aac.p.m4a,https://music.apple.com/us/album/baby-one-more-time/273143723?i=273143820&uo=4
Suno AI music,Until The End Of Time (with Beyoncé),Justin Timberlake,FutureSex/LoveSounds (Deluxe Edition),2007-11-26T08:00:00Z,Pop,1.29,USD,https://audio-ssl.itunes.apple.com/itunes-assets/AudioPreview211/v4/ff/ad/fa/ffadfa8e-0872-a01f-3973-dd67b7c0c2d7/mzaf_4627390932630204721.plus.aac.p.m4a,https://music.apple.com/us/album/until-the-end-of-time-with-beyonc%C3%A9/400946401?i=400946531&uo=4
Suno AI music,Burn It to the Ground,Nickelback,Dark Horse,2008-11-18T08:00:00Z,Rock,1.29,USD,https://audio-ssl.itunes.apple.com/itunes-assets/AudioPreview125/v4/84/09/33/8409332e-07af-288e-2623-2d584e7dc896/mzaf_11065185287582075226.plus.aac.p.m4a,https://music.apple.com/us/album/burn-it-to-the-ground/296913938?i=296913968&uo=4
Suno AI music,I Won't Give Up,Jason Mraz,Love Is a Four Letter Word (Deluxe Version),2012-01-03T08:00:00Z,Pop,1.29,USD,https://audio-ssl.itunes.apple.com/itunes-assets/AudioPreview221/v4/5d/f4/11/5df411a7-7de9-a768-3eef-1b74cc77efcb/mzaf_2117023069067957023.plus.aac.p.m4a,https://music.apple.com/us/album/i-wont-give-up/509536557?i=509536631&uo=4
Suno AI music,Gives You Hell,The All-American Rejects,When the World Comes Down (Deluxe Edition),2008-09-30T12:00:00Z,Alternative,1.29,USD,https://audio-ssl.itunes.apple.com/itunes-assets/AudioPreview221/v4/2e/f7/7b/2ef77b90-8982-063e-df65-cbcdb505105a/mzaf_16802800602797827563.plus.aac.p.m4a,https://music.apple.com/us/album/gives-you-hell/1467956833?i=1467957657&uo=4
Suno AI music,Paradise,Coldplay,Mylo Xyloto,2011-09-12T07:00:00Z,Alternative,1.29,USD,https://audio-ssl.itunes.apple.com/itunes-assets/AudioPreview126/v4/13/1f/f0/131ff0ec-09d2-cc44-043f-698e60713641/mzaf_1497246005369579066.plus.aac.p.m4a,https://music.apple.com/us/album/paradise/726372830?i=726373148&uo=4
Suno AI music,Bad Liar,Imagine Dragons,Origins (Deluxe Edition),2018-11-09T12:00:00Z,Alternative,1.29,USD,https://audio-ssl.itunes.apple.com/itunes-assets/AudioPreview221/v4/80/af/3d/80af3d69-32d7-b2e9-6854-5c28e20f6bbd/mzaf_646143266605713442.plus.aac.p.m4a,https://music.apple.com/us/album/bad-liar/1437948883?i=1437948987&uo=4
Suno AI music,Over My Head (Cable Car),The Fray,How to Save a Life,2005-09-13T07:00:00Z,Rock,1.29,USD,https://audio-ssl.itunes.apple.com/itunes-assets/AudioPreview221/v4/c0/56/ed/c056ed49-e8b4-7588-bd22-9e51a2e461f6/mzaf_1584178635666733969.plus.aac.p.m4a,https://music.apple.com/us/album/over-my-head-cable-car/385629502?i=385629699&uo=4
Suno AI music,Welcome To The Jungle,Guns N' Roses,Appetite For Destruction,1987-07-21T12:00:00Z,Rock,1.29,USD,https://audio-ssl.itunes.apple.com/itunes-assets/AudioPreview211/v4/60/0d/c5/600dc586-7fcc-f435-26be-751ad11c7692/mzaf_4053810104755384420.plus.aac.p.m4a,https://music.apple.com/us/album/welcome-to-the-jungle/1377813284?i=1377813288&uo=4
Suno AI music,i like the way you kiss me,Artemas,i like the way you kiss me - Single,2024-02-09T12:00:00Z,Pop,1.29,USD,https://audio-ssl.itunes.apple.com/itunes-assets/AudioPreview221/v4/cc/49/c1/cc49c165-07b1-fd9e-1092-07fb1d3bd484/mzaf_11754248539941798058.plus.aac.p.m4a,https://music.apple.com/us/album/i-like-the-way-you-kiss-me/1736426868?i=1736426869&uo=4
Suno AI music,Life Beyond All Chains (feat. Suno AI Music),Fabian Engelhardt Suno AI Music,Life Beyond All Chains (feat. Suno Ai Music),2025-11-28T12:00:00Z,Rock,0.99,USD,https://audio-ssl.itunes.apple.com/itunes-assets/AudioPreview221/v4/c6/65/4c/c6654c4c-7e9a-e359-f7de-9ba6219f9354/mzaf_8332314539855678186.plus.aac.p.m4a,https://music.apple.com/us/album/life-beyond-all-chains-feat-suno-ai-music/1850736465?i=1850736466&uo=4
Suno AI music,Hail to the King,Avenged Sevenfold,Hail to the King (Deluxe Edition),2013-07-15T07:00:00Z,Metal,1.29,USD,https://audio-ssl.itunes.apple.com/itunes-assets/AudioPreview125/v4/2f/7e/23/2f7e2345-1a83-f676-875f-5efa2ebad309/mzaf_11565768206055337242.plus.aac.p.m4a,https://music.apple.com/us/album/hail-to-the-king/672046420?i=672046422&uo=4
Suno AI music,Walls Of Us (feat. Suno AI Music),Fabian Engelhardt Suno AI Music,Foundations of Home (feat. Suno Ai Music) - EP,2025-08-04T12:00:00Z,Blues,0.99,USD,https://audio-ssl.itunes.apple.com/itunes-assets/AudioPreview211/v4/cc/28/d9/cc28d904-9809-d801-8d1e-e4d609a44f94/mzaf_12860121811537032060.plus.aac.p.m4a,https://music.apple.com/us/album/walls-of-us-feat-suno-ai-music/1842240515?i=1842240516&uo=4
Suno AI music,Just Like Johnny,Redferrin,Old No. 7,2024-02-16T12:00:00Z,Country,1.29,USD,https://audio-ssl.itunes.apple.com/itunes-assets/AudioPreview211/v4/76/1d/a5/761da517-3b38-163e-c25e-2a27e69d1385/mzaf_17478098153735626113.plus.aac.p.m4a,https://music.apple.com/us/album/just-like-johnny/1724743989?i=1724744352&uo=4
Suno AI music,Angels,Khalid,American Teen,2017-03-03T12:00:00Z,R&B/Soul,1.29,USD,https://audio-ssl.itunes.apple.com/itunes-assets/AudioPreview211/v4/69/80/5c/69805cab-c7ed-c990-6bcb-0eb9ea8cb903/mzaf_16528351354196770005.plus.aac.p.m4a,https://music.apple.com/us/album/angels/1200868601?i=1200868892&uo=4
Suno AI music,Counting Stars,OneRepublic,Native,2013-06-14T12:00:00Z,Pop,1.29,USD,https://audio-ssl.itunes.apple.com/itunes-assets/AudioPreview221/v4/8a/e6/26/8ae626cc-ede8-47d2-d86b-ce7fd562e4d1/mzaf_15251194521255976653.plus.aac.p.m4a,https://music.apple.com/us/album/counting-stars/1440862673?i=1440862803&uo=4
Suno AI music,Alive,Sia,This Is Acting,2015-09-24T07:00:00Z,Pop,1.29,USD,https://audio-ssl.itunes.apple.com/itunes-assets/AudioPreview211/v4/27/56/6f/27566fe0-ce79-6fc1-255f-f8c1f378fdbf/mzaf_9905061871961473060.plus.aac.p.m4a,https://music.apple.com/us/album/alive/1055074478?i=1055074632&uo=4
Suno AI music,Astronaut In The Ocean,Masked Wolf,Astronaut In The Ocean - Single,2019-06-07T12:00:00Z,Hip-Hop/Rap,1.29,USD,https://audio-ssl.itunes.apple.com/itunes-assets/AudioPreview125/v4/ba/b0/68/bab0687b-0489-612e-3559-0f2defcd1557/mzaf_3173996287703185338.plus.aac.p.m4a,https://music.apple.com/us/album/astronaut-in-the-ocean/1568740032?i=1568740033&uo=4
Suno AI music,Hell Of A Way To Go,Riley Green,Hell Of A Way To Go - Single,2022-05-13T12:00:00Z,Country,1.29,USD,https://audio-ssl.itunes.apple.com/itunes-assets/AudioPreview211/v4/a5/95/7a/a5957aac-6ce7-65d7-78d6-6f6a33bf6161/mzaf_4068008239665117791.plus.aac.p.m4a,https://music.apple.com/us/album/hell-of-a-way-to-go/1621625687?i=1621625688&uo=4
Suno AI music,Stickwitu,The Pussycat Dolls,PCD,2005-08-30T12:00:00Z,Pop,1.29,USD,https://audio-ssl.itunes.apple.com/itunes-assets/AudioPreview221/v4/cd/e9/f2/cde9f24f-09fc-1a92-5671-ea154c006180/mzaf_7423861888073148491.plus.aac.p.m4a,https://music.apple.com/us/album/stickwitu/1440762224?i=1440762527&uo=4
Suno AI music,Suno AI,The Infinite Lambchop,Not Your AI Generator,2024-06-29T12:00:00Z,House,0.99,USD,https://audio-ssl.itunes.apple.com/itunes-assets/AudioPreview221/v4/68/ab/e1/68abe17a-bce3-f5f3-93b2-2b962b1e55de/mzaf_10424770482899843062.plus.aac.p.m4a,https://music.apple.com/us/album/suno-ai/1755066152?i=1755066163&uo=4
Suno AI music,4 Ever (feat. Fabolous),Lil' Mo,4 Ever (feat. Fabolous) - Single,2003-02-11T08:00:00Z,R&B/Soul,1.29,USD,https://audio-ssl.itunes.apple.com/itunes-assets/AudioPreview122/v4/48/74/48/48744871-b03f-e242-ea0b-3b9a5364ab61/mzaf_14951448625960217751.plus.aac.p.m4a,https://music.apple.com/us/album/4-ever-feat-fabolous/298804044?i=298804047&uo=4
Suno AI music,Until the End of Time,Justin Timberlake & The Benjamin Wright Orchestra,FutureSex/LoveSounds (Deluxe Edition),2006-09-08T07:00:00Z,Pop,1.29,USD,https://audio-ssl.itunes.apple.com/itunes-assets/AudioPreview221/v4/80/76/f2/8076f2a1-c096-c438-4677-27aadd31a165/mzaf_15459169101945961516.plus.aac.p.m4a,https://music.apple.com/us/album/until-the-end-of-time/400946401?i=400946511&uo=4
Suno AI music,Nervous,John Legend,LEGEND,2022-09-09T12:00:00Z,R&B/Soul,1.29,USD,https://audio-ssl.itunes.apple.com/itunes-assets/AudioPreview211/v4/41/ce/cd/41cecd4a-b58c-1c58-10e8-b489b43e3ed5/mzaf_11967439633485359560.plus.aac.p.m4a,https://music.apple.com/us/album/nervous/1637527108?i=1637528216&uo=4
Suno AI music,Die With A Smile,Lady Gaga & Bruno Mars,MAYHEM,2024-08-16T12:00:00Z,Pop,1.29,USD,https://audio-ssl.itunes.apple.com/itunes-assets/AudioPreview211/v4/3a/3e/fc/3a3efc6a-091f-fdc7-c0dc-02b982fc2b7c/mzaf_1938846285432630841.plus.aac.p.m4a,https://music.apple.com/us/album/die-with-a-smile/1792666546?i=1792667027&uo=4
Suno AI music,Close,Marvin Sapp,Close,2017-09-29T12:00:00Z,Christian,1.29,USD,https://audio-ssl.itunes.apple.com/itunes-assets/AudioPreview115/v4/bf/b5/b8/bfb5b8b7-c06a-ce34-301b-9df35563d280/mzaf_3495473687670918855.plus.aac.p.m4a,https://music.apple.com/us/album/close/1276782091?i=1276783197&uo=4
Suno AI music,The Ones Who Lifted Us (feat. Suno AI Music),Fabian Engelhardt Suno AI Music,The Ones Who Lifted Us (feat. Suno Ai Music),2025-08-06T12:00:00Z,Rock,0.99,USD,https://audio-ssl.itunes.apple.com/itunes-assets/AudioPreview221/v4/79/68/9b/79689ba5-f5af-19a1-3618-963868ad4046/mzaf_5227835142843919399.plus.aac.p.m4a,https://music.apple.com/us/album/the-ones-who-lifted-us-feat-suno-ai-music/1839340645?i=1839340646&uo=4
Suno AI music,Built Like Family (feat. Suno AI Music),Fabian Engelhardt Suno AI Music,The Ones Who Lifted Us (feat. Suno Ai Music),2025-08-06T12:00:00Z,Rock,0.99,USD,https://audio-ssl.itunes.apple.com/itunes-assets/AudioPreview211/v4/6d/b7/76/6db7760e-d970-3ec5-4086-fd21a7aa27bd/mzaf_15482985261939705505.plus.aac.p.m4a,https://music.apple.com/us/album/built-like-family-feat-suno-ai-music/1839340645?i=1839340650&uo=4
Suno AI music,The Soul in Who We Are (feat. Suno AI Music),Fabian Engelhardt Suno AI Music,The Ones Who Lifted Us (feat. Suno Ai Music),2025-08-06T12:00:00Z,Rock,0.99,USD,https://audio-ssl.itunes.apple.com/itunes-assets/AudioPreview211/v4/8f/2d/5d/8f2d5d8e-8129-9dcd-cfa9-0e1c626d007f/mzaf_6950903873404266709.plus.aac.p.m4a,https://music.apple.com/us/album/the-soul-in-who-we-are-feat-suno-ai-music/1839340645?i=1839340654&uo=4
Suno AI music,Every Color Loud (feat. Suno AI Music),Fabian Engelhardt Suno AI Music,Every Color Loud (feat. Suno AI Music) - Single,2025-07-18T12:00:00Z,Rock,0.99,USD,https://audio-ssl.itunes.apple.com/itunes-assets/AudioPreview221/v4/bf/e8/f5/bfe8f547-8252-a298-cc20-1dc7ea82743c/mzaf_4563692994712995045.plus.aac.p.m4a,https://music.apple.com/us/album/every-color-loud-feat-suno-ai-music/1842105280?i=1842105281&uo=4
Suno AI music,Hearts We Built (feat. Suno AI Music),Fabian Engelhardt Suno AI Music,Foundations of Home (feat. Suno Ai Music) - EP,2025-08-04T12:00:00Z,Blues,0.99,USD,https://audio-ssl.itunes.apple.com/itunes-assets/AudioPreview211/v4/4f/db/ec/4fdbecad-e033-4618-ebad-965b734518c0/mzaf_478693318909026499.plus.aac.p.m4a,https://music.apple.com/us/album/hearts-we-built-feat-suno-ai-music/1842240515?i=1842240518&uo=4
Suno AI music,Her Quiet Flight (feat. Suno AI Music),Fabian Engelhardt Suno AI Music,Her Quiet Flight (feat. Suno AI Music) - Single,2025-11-08T12:00:00Z,Rock,0.99,USD,https://audio-ssl.itunes.apple.com/itunes-assets/AudioPreview211/v4/ea/80/48/ea8048b5-9868-5dcd-e1c3-6ab600add9e9/mzaf_17046035820120263977.plus.aac.p.m4a,https://music.apple.com/us/album/her-quiet-flight-feat-suno-ai-music/1849665654?i=1849665655&uo=4
Suno AI music,We Guard the Flame Within (feat. Suno AI Music),Fabian Engelhardt Suno AI Music,Life Beyond All Chains (feat. Suno Ai Music),2025-11-28T12:00:00Z,Rock,0.99,USD,https://audio-ssl.itunes.apple.com/itunes-assets/AudioPreview221/v4/e9/30/de/e930ded4-981f-c496-6692-33f72d422d8f/mzaf_9334645808527613424.plus.aac.p.m4a,https://music.apple.com/us/album/we-guard-the-flame-within-feat-suno-ai-music/1850736465?i=1850736472&uo=4
Suno AI music,Grateful Hearts Still Burn (feat. Suno AI Music),Fabian Engelhardt Suno AI Music,Life Beyond All Chains (feat. Suno Ai Music),2025-11-28T12:00:00Z,Rock,0.99,USD,https://audio-ssl.itunes.apple.com/itunes-assets/AudioPreview221/v4/03/09/db/0309db8d-4707-ec62-271f-26d2bb1cc008/mzaf_5298956192071753608.plus.aac.p.m4a,https://music.apple.com/us/album/grateful-hearts-still-burn-feat-suno-ai-music/1850736465?i=1850736480&uo=4
Suno AI music,Minnene følger deg (feat. Suno AI Music),AI for fun production - Simon Andrew Carlsen,Minnene følger deg (feat. Suno AI Music) - Single,2026-04-22T12:00:00Z,Country,0.99,USD,https://audio-ssl.itunes.apple.com/itunes-assets/AudioPreview211/v4/8d/52/44/8d524440-31a6-0b7f-0cb9-32a0a899e5f8/mzaf_2568973849129397711.plus.aac.p.m4a,https://music.apple.com/us/album/minnene-f%C3%B8lger-deg-feat-suno-ai-music/1895268818?i=6763333409&uo=4
Suno AI music,No Hay Nadie Más,Sebastián Yatra,No Hay Nadie Más - Single,2018-01-01T12:00:00Z,Pop Latino,0.69,USD,https://audio-ssl.itunes.apple.com/itunes-assets/AudioPreview211/v4/5c/73/93/5c7393e2-7103-52b9-b49f-a25bc5a3e681/mzaf_5346963010078662307.plus.aac.p.m4a,https://music.apple.com/us/album/no-hay-nadie-m%C3%A1s/1445312444?i=1445312450&uo=4
Suno AI music,My Savior My God,Aaron Shust,Anything Worth Saying,2005-08-23T12:00:00Z,Christian,1.29,USD,https://audio-ssl.itunes.apple.com/itunes-assets/AudioPreview115/v4/d6/0e/8f/d60e8fe4-e487-0dce-609a-bd5afca3782d/mzaf_16489928182889554860.plus.aac.p.m4a,https://music.apple.com/us/album/my-savior-my-god/81260390?i=81260382&uo=4
Suno AI music,Angels Above Me,Stick Figure,World on Fire,2019-08-21T12:00:00Z,Reggae,1.29,USD,https://audio-ssl.itunes.apple.com/itunes-assets/AudioPreview211/v4/48/3a/a9/483aa92a-cf83-c475-be95-fd690ada4d34/mzaf_17366957219591912756.plus.aac.p.m4a,https://music.apple.com/us/album/angels-above-me/1474970495?i=1474970500&uo=4
Suno AI music,I Don’t Think That I Like Her,Charlie Puth,CHARLIE,2022-09-16T12:00:00Z,Pop,1.29,USD,https://audio-ssl.itunes.apple.com/itunes-assets/AudioPreview221/v4/57/a5/45/57a54592-6228-3f72-8d27-85299762e0ce/mzaf_16776931735361088749.plus.aac.p.m4a,https://music.apple.com/us/album/i-dont-think-that-i-like-her/1633318292?i=1633318780&uo=4
Suno AI music,Por Fin Te Encontré (feat. Sebastián Yatra),Cali y El Dandee & Juan Magán,Por Fin Te Encontré (feat. Sebastián Yatra) - Single,2016-01-01T12:00:00Z,Urbano latino,1.29,USD,https://audio-ssl.itunes.apple.com/itunes-assets/AudioPreview115/v4/94/28/8c/94288ce1-e6e6-93d2-8aa9-91738c7e3646/mzaf_513783748964044274.plus.aac.p.m4a,https://music.apple.com/us/album/por-fin-te-encontr%C3%A9-feat-sebasti%C3%A1n-yatra/1445287716?i=1445287720&uo=4
Suno AI music,Me,Tamia,Between Friends,2006-05-12T07:00:00Z,R&B/Soul,0.99,USD,https://audio-ssl.itunes.apple.com/itunes-assets/AudioPreview125/v4/4d/23/52/4d2352ea-cfb5-70f6-3423-80f79c50d300/mzaf_6451348740998531730.plus.aac.p.m4a,https://music.apple.com/us/album/me/599214097?i=599214103&uo=4
Suno AI music,Suno AI Music Epic Powerful Motivational Orchestral E,haunted cherry,AI Music Echo,2024-07-19T12:00:00Z,R&B/Soul,0.99,USD,https://audio-ssl.itunes.apple.com/itunes-assets/AudioPreview221/v4/5e/5c/44/5e5c4467-dc90-3913-38ac-811f9416ab4a/mzaf_3993438531000246595.plus.aac.p.m4a,https://music.apple.com/us/album/suno-ai-music-epic-powerful-motivational-orchestral-e/1758555314?i=1758555679&uo=4
Suno AI music,Come Back to Me,Janet Jackson,Rhythm Nation 1814,1989-09-19T12:00:00Z,R&B/Soul,1.29,USD,https://audio-ssl.itunes.apple.com/itunes-assets/AudioPreview115/v4/8c/e0/9e/8ce09e52-6426-5c58-d91c-2f4201e08864/mzaf_18016416731107510051.plus.aac.p.m4a,https://music.apple.com/us/album/come-back-to-me/1440838561?i=1440839622&uo=4
Suno AI music,How Was I supposed to Know?,Xania Monet,Unfolded,2025-08-08T12:00:00Z,R&B/Soul,0.99,USD,https://audio-ssl.itunes.apple.com/itunes-assets/AudioPreview211/v4/75/b7/50/75b75073-b259-7363-fb98-534c3088d134/mzaf_12912381254463357629.plus.aac.p.m4a,https://music.apple.com/us/album/how-was-i-supposed-to-know/1840711342?i=1840711345&uo=4
Suno AI music,Channa Mereya,Pritam & Arijit Singh,Ae Dil Hai Mushkil (Original Motion Picture Soundtrack),2016-09-29T07:00:00Z,Bollywood,1.29,USD,https://audio-ssl.itunes.apple.com/itunes-assets/AudioPreview211/v4/d5/f9/98/d5f998a7-0090-ee2d-03f8-557ad6c5bf65/mzaf_14251357991592637728.plus.aac.p.m4a,https://music.apple.com/us/album/channa-mereya/1169015635?i=1169015785&uo=4
